--MEMBER
INSERT INTO MEMBER (ID, PASSWORD, NAME, PHONE, BIRTH_DATE) VALUES ('pbreitling0', 'QBW43BWA5PH', '권정훈', '01049310523', TO_DATE('1961-10-02', 'YYYY-MM-DD HH24:MI:SS'));
INSERT INTO MEMBER (ID, PASSWORD, NAME, PHONE, BIRTH_DATE) VALUES ('asurcombe1', 'HLK56YBP0KE', '권광호', '01092754499', TO_DATE('1964-06-13', 'YYYY-MM-DD HH24:MI:SS'));
INSERT INTO MEMBER (ID, PASSWORD, NAME, PHONE, BIRTH_DATE) VALUES ('vransley2', 'KAU16NJI0LK', '김기훈', '01070438873', TO_DATE('1965-10-12', 'YYYY-MM-DD HH24:MI:SS'));
INSERT INTO MEMBER (ID, PASSWORD, NAME, PHONE, BIRTH_DATE) VALUES ('nmcgahern3', 'XWI52JKW6KV', '표재웅', '01097887808', TO_DATE('1968-01-18', 'YYYY-MM-DD HH24:MI:SS'));
INSERT INTO MEMBER (ID, PASSWORD, NAME, PHONE, BIRTH_DATE) VALUES ('cluparto4', 'JPW00PLN2KE', '남인태', '01073985098', TO_DATE('1970-07-27', 'YYYY-MM-DD HH24:MI:SS'));
INSERT INTO MEMBER (ID, PASSWORD, NAME, PHONE, BIRTH_DATE) VALUES ('dbuxcy5', 'RUK08ESG3CR', '박태석', '01004452024', TO_DATE('1970-12-29', 'YYYY-MM-DD HH24:MI:SS'));
INSERT INTO MEMBER (ID, PASSWORD, NAME, PHONE, BIRTH_DATE) VALUES ('cjouanet6', 'BHH66QLE2XY', '남궁재민', '01085704863', TO_DATE('1972-06-09', 'YYYY-MM-DD HH24:MI:SS'));
INSERT INTO MEMBER (ID, PASSWORD, NAME, PHONE, BIRTH_DATE) VALUES ('jholtaway7', 'VFZ17JUD7SM', '오병희', '01049264342', TO_DATE('1974-12-06', 'YYYY-MM-DD HH24:MI:SS'));
INSERT INTO MEMBER (ID, PASSWORD, NAME, PHONE, BIRTH_DATE) VALUES ('jpryer8', 'KRM87XSZ5MN', '손상식', '01004892091', TO_DATE('1976-02-17', 'YYYY-MM-DD HH24:MI:SS'));
INSERT INTO MEMBER (ID, PASSWORD, NAME, PHONE, BIRTH_DATE) VALUES ('dleleu9', 'RIZ44ERA7ZS', '한선미', '01074600964', TO_DATE('1978-08-19', 'YYYY-MM-DD HH24:MI:SS'));
INSERT INTO MEMBER (ID, PASSWORD, NAME, PHONE, BIRTH_DATE) VALUES ('fattwoolla', 'SYY21KPT5YO', '강민하', '01034167443', TO_DATE('1981-08-20', 'YYYY-MM-DD HH24:MI:SS'));
INSERT INTO MEMBER (ID, PASSWORD, NAME, PHONE, BIRTH_DATE) VALUES ('kgummieb', 'TRR33MTA5NN', '봉세빈', '01053990591', TO_DATE('1984-01-27', 'YYYY-MM-DD HH24:MI:SS'));
INSERT INTO MEMBER (ID, PASSWORD, NAME, PHONE, BIRTH_DATE) VALUES ('lbraidleyc', 'HTD10VPK4QZ', '복상미', '01062843803', TO_DATE('1987-10-08', 'YYYY-MM-DD HH24:MI:SS'));
INSERT INTO MEMBER (ID, PASSWORD, NAME, PHONE, BIRTH_DATE) VALUES ('gjolyd', 'DVO23KNZ2CI', '고진태', '01025327877', TO_DATE('1988-10-27', 'YYYY-MM-DD HH24:MI:SS'));
INSERT INTO MEMBER (ID, PASSWORD, NAME, PHONE, BIRTH_DATE) VALUES ('kberntssene', 'FMT02ZLV9SM', '설광훈', '01059506448', TO_DATE('1990-08-03', 'YYYY-MM-DD HH24:MI:SS'));
INSERT INTO MEMBER (ID, PASSWORD, NAME, PHONE, BIRTH_DATE) VALUES ('ffoundf', 'QLE44HNW5YO', '송성민', '01053477046', TO_DATE('1992-03-19', 'YYYY-MM-DD HH24:MI:SS'));
INSERT INTO MEMBER (ID, PASSWORD, NAME, PHONE, BIRTH_DATE) VALUES ('ncapozzig', 'NPQ49MMN9WM', '임상은', '01034888693', TO_DATE('1994-01-06', 'YYYY-MM-DD HH24:MI:SS'));
INSERT INTO MEMBER (ID, PASSWORD, NAME, PHONE, BIRTH_DATE) VALUES ('kadneyh', 'DYW42WGP1BL', '김세훈', '01015353592', TO_DATE('1997-06-02', 'YYYY-MM-DD HH24:MI:SS'));
INSERT INTO MEMBER (ID, PASSWORD, NAME, PHONE, BIRTH_DATE) VALUES ('gbillanyi', 'JNS72QVR2HJ', '조현숙', '01067296952', TO_DATE('1998-12-29', 'YYYY-MM-DD HH24:MI:SS'));
INSERT INTO MEMBER (ID, PASSWORD, NAME, PHONE, BIRTH_DATE) VALUES ('ggomerj', 'TVI99LVO4ZW', '홍이슬', '01009594236', TO_DATE('2002-05-04', 'YYYY-MM-DD HH24:MI:SS'));
INSERT INTO MEMBER (ID, PASSWORD, NAME, PHONE, BIRTH_DATE) VALUES ('llornsenk', 'ZBG57IMP8JX', '류푸름', '01036984575', TO_DATE('2002-11-26', 'YYYY-MM-DD HH24:MI:SS'));
INSERT INTO MEMBER (ID, PASSWORD, NAME, PHONE, BIRTH_DATE) VALUES ('tphilol', 'IFM10ZEG4YR', '봉다래', '01082567821', TO_DATE('2003-11-26', 'YYYY-MM-DD HH24:MI:SS'));
INSERT INTO MEMBER (ID, PASSWORD, NAME, PHONE, BIRTH_DATE) VALUES ('rscortonm', 'DAK89PHI2RP', '권아리', '01021222300', TO_DATE('2003-12-29', 'YYYY-MM-DD HH24:MI:SS'));
INSERT INTO MEMBER (ID, PASSWORD, NAME, PHONE, BIRTH_DATE) VALUES ('blustyn', 'ZNA18STS7WC', '유바람', '01085856552', TO_DATE('2005-10-06', 'YYYY-MM-DD HH24:MI:SS'));
INSERT INTO MEMBER (ID, PASSWORD, NAME, PHONE, BIRTH_DATE) VALUES ('sjulianoo', 'GRL36NLF4PX', '송하나', '01016652824', TO_DATE('2005-10-18', 'YYYY-MM-DD HH24:MI:SS'));
INSERT INTO MEMBER (ID, PASSWORD, NAME, PHONE, BIRTH_DATE) VALUES ('cbulfordp', 'CWK16WUY8HN', '백샛별', '01069201488', TO_DATE('1962-01-08', 'YYYY-MM-DD HH24:MI:SS'));
INSERT INTO MEMBER (ID, PASSWORD, NAME, PHONE, BIRTH_DATE) VALUES ('dpeaddieq', 'TMO82WEU2EY', '추은샘', '01068654873', TO_DATE('1965-02-04', 'YYYY-MM-DD HH24:MI:SS'));
INSERT INTO MEMBER (ID, PASSWORD, NAME, PHONE, BIRTH_DATE) VALUES ('jdominkar', 'FXF36XKV3DP', '이나비', '01011336074', TO_DATE('1965-02-05', 'YYYY-MM-DD HH24:MI:SS'));
INSERT INTO MEMBER (ID, PASSWORD, NAME, PHONE, BIRTH_DATE) VALUES ('nproudlers', 'LDS73XVW4LT', '송가람', '01078505276', TO_DATE('1965-06-21', 'YYYY-MM-DD HH24:MI:SS'));
INSERT INTO MEMBER (ID, PASSWORD, NAME, PHONE, BIRTH_DATE) VALUES ('fturest', 'TLF33OTD8EA', '황보새론', '01022448160', TO_DATE('1966-08-13', 'YYYY-MM-DD HH24:MI:SS'));
INSERT INTO MEMBER (ID, PASSWORD, NAME, PHONE, BIRTH_DATE) VALUES ('baeryu', 'PFM15YEJ8UO', '문나래', '01042571314', TO_DATE('1966-12-05', 'YYYY-MM-DD HH24:MI:SS'));
INSERT INTO MEMBER (ID, PASSWORD, NAME, PHONE, BIRTH_DATE) VALUES ('bgawv', 'LJR40FBN9JE', '표그루', '01072084735', TO_DATE('1968-06-29', 'YYYY-MM-DD HH24:MI:SS'));
INSERT INTO MEMBER (ID, PASSWORD, NAME, PHONE, BIRTH_DATE) VALUES ('nodownew', 'VDK94PRD6TD', '손다래', '01006479509', TO_DATE('1971-04-18', 'YYYY-MM-DD HH24:MI:SS'));
INSERT INTO MEMBER (ID, PASSWORD, NAME, PHONE, BIRTH_DATE) VALUES ('mochterlonyx', 'YXN24EMS4TC', '봉아라', '01042393662', TO_DATE('1971-08-18', 'YYYY-MM-DD HH24:MI:SS'));
INSERT INTO MEMBER (ID, PASSWORD, NAME, PHONE, BIRTH_DATE) VALUES ('hdelisley', 'ZJF15FHB4RL', '표은샘', '01078942665', TO_DATE('1971-10-20', 'YYYY-MM-DD HH24:MI:SS'));
INSERT INTO MEMBER (ID, PASSWORD, NAME, PHONE, BIRTH_DATE) VALUES ('mbardwallz', 'UJU24PFV5OC', '하달래', '01012673788', TO_DATE('1972-03-16', 'YYYY-MM-DD HH24:MI:SS'));
INSERT INTO MEMBER (ID, PASSWORD, NAME, PHONE, BIRTH_DATE) VALUES ('bsynan10', 'HOV12DNL2SZ', '문나래', '01060010046', TO_DATE('1974-09-02', 'YYYY-MM-DD HH24:MI:SS'));
INSERT INTO MEMBER (ID, PASSWORD, NAME, PHONE, BIRTH_DATE) VALUES ('avines11', 'FTC99IOT8OC', '한나라', '01085724308', TO_DATE('1974-10-24', 'YYYY-MM-DD HH24:MI:SS'));
INSERT INTO MEMBER (ID, PASSWORD, NAME, PHONE, BIRTH_DATE) VALUES ('badrian12', 'IWS82KQS1DM', '정민들레', '01058242935', TO_DATE('1974-12-26', 'YYYY-MM-DD HH24:MI:SS'));
INSERT INTO MEMBER (ID, PASSWORD, NAME, PHONE, BIRTH_DATE) VALUES ('asongust13', 'SJU90XSM4IH', '한믿음', '01034021867', TO_DATE('1978-12-24', 'YYYY-MM-DD HH24:MI:SS'));
INSERT INTO MEMBER (ID, PASSWORD, NAME, PHONE, BIRTH_DATE) VALUES ('brosenauer14', 'FML22PVQ4RG', '정나길', '01083745195', TO_DATE('1978-12-28', 'YYYY-MM-DD HH24:MI:SS'));
INSERT INTO MEMBER (ID, PASSWORD, NAME, PHONE, BIRTH_DATE) VALUES ('smacvicar15', 'RSK88QBG4KU', '설믿음', '01070980474', TO_DATE('1979-08-29', 'YYYY-MM-DD HH24:MI:SS'));
INSERT INTO MEMBER (ID, PASSWORD, NAME, PHONE, BIRTH_DATE) VALUES ('rpauluzzi16', 'CHE89ODO4SN', '윤한결', '01005670459', TO_DATE('1985-03-16', 'YYYY-MM-DD HH24:MI:SS'));
INSERT INTO MEMBER (ID, PASSWORD, NAME, PHONE, BIRTH_DATE) VALUES ('jpikhno17', 'UGM28MHA6NP', '예나길', '01007496971', TO_DATE('1985-09-03', 'YYYY-MM-DD HH24:MI:SS'));
INSERT INTO MEMBER (ID, PASSWORD, NAME, PHONE, BIRTH_DATE) VALUES ('ceverson18', 'MPY21XQS3GV', '오힘찬', '01086203626', TO_DATE('1986-04-11', 'YYYY-MM-DD HH24:MI:SS'));
INSERT INTO MEMBER (ID, PASSWORD, NAME, PHONE, BIRTH_DATE) VALUES ('srisdale19', 'HUM39YHS0VC', '신버들', '01087199190', TO_DATE('1987-10-01', 'YYYY-MM-DD HH24:MI:SS'));
INSERT INTO MEMBER (ID, PASSWORD, NAME, PHONE, BIRTH_DATE) VALUES ('tgauson1a', 'IZT72JME3ZT', '서달', '01013699484', TO_DATE('1991-02-26', 'YYYY-MM-DD HH24:MI:SS'));
INSERT INTO MEMBER (ID, PASSWORD, NAME, PHONE, BIRTH_DATE) VALUES ('jmundle1b', 'XWE92MEE0EC', '탁우람', '01005794422', TO_DATE('1996-01-26', 'YYYY-MM-DD HH24:MI:SS'));
INSERT INTO MEMBER (ID, PASSWORD, NAME, PHONE, BIRTH_DATE) VALUES ('askitral1c', 'XOV70ZGR7ND', '손나라우람', '01090495800', TO_DATE('1998-01-15', 'YYYY-MM-DD HH24:MI:SS'));

--MOVIE
INSERT INTO MOVIE (MOVIE_NO, TITLE, OPEN_DATE, DIRECTOR, ACTORS, GENRE, RUNNINGTIME, SUMMARY, RATING, POSTER_IMAGE) VALUES (1, '태일이', TO_DATE('2021-10-20', 'YYYY-MM-DD HH24:MI:SS'), '홍준표', '장동윤(태일 ), 염혜란(어머니(이소선 여사)), 진선규(아버지)', '애니메이션', '99 분', '1970년 평화시장, 부당한 노동 환경을 바꾸기 위해 뜨겁게 싸웠던 청년 ‘전태일’의 이야기를 그린 애니메이션 영화.', '전체', 'https://img.dtryx.com/poster/2021/10/7B26F3C9-F266-40EE-9FD6-A841ED371036.small.jpg');
INSERT INTO MOVIE (MOVIE_NO, TITLE, OPEN_DATE, DIRECTOR, ACTORS, GENRE, RUNNINGTIME, SUMMARY, RATING, POSTER_IMAGE) VALUES (2, '베놈2 : 렛 데어 비 카니지', TO_DATE('2021-10-13', 'YYYY-MM-DD HH24:MI:SS'), '앤디 서커스', '톰 하디, 미셸 윌리엄스', '액션,SF', '97 분', '‘베놈’과 완벽한 파트너가 된 ‘에디 브록’(톰 하디) 앞에 ‘클리터스 캐서디’(우디 해럴슨)가 ‘카니지’로 등장,
앞으로 닥칠 대혼돈의 세상을 예고한다. 대혼돈의 시대가 시작되고, 악을 악으로 처단할 것인가?', '15세', 'https://img.dtryx.com/poster/2021/09/BAE548A1-E1F8-4B0C-914C-7802968FA325.small.jpg');
INSERT INTO MOVIE (MOVIE_NO, TITLE, OPEN_DATE, DIRECTOR, ACTORS, GENRE, RUNNINGTIME, SUMMARY, RATING, POSTER_IMAGE) VALUES (3, '매직스쿨', TO_DATE('2021-10-07', 'YYYY-MM-DD HH24:MI:SS'), '저겐 클루비엔', '벤 디스킨, 마이클 존스턴', '애니메이션', '90 분', '비가 내리던 어느 날 밤,
요상하게 생긴 로봇과 같이 어느 집 앞에 버려진 소녀 아우라.
한 아주머니의 사랑으로 열 여섯 살 소녀가 된 아우라는
자신이 마법의 능력을 갖고 있다는 걸 알게 된다.

그리고 꿈에 그리던 몬트로즈 마법학교에 입학하게 된 아우라.
학교에서 만난 친구들과 마법사가 되기 위해
기상천외한 수업을 듣게 되는데
어쩐지 이 학교에 비밀이 숨겨져 있는 것 같다.

과연 초보마법사 아우라는 마법학교의 비밀을 밝혀 낼 수 있을까?', '전체', 'https://img.dtryx.com/poster/2021/09/B822303C-F38B-44DF-A5DF-1F9783E8BA44.small.jpg');
INSERT INTO MOVIE (MOVIE_NO, TITLE, OPEN_DATE, DIRECTOR, ACTORS, GENRE, RUNNINGTIME, SUMMARY, RATING, POSTER_IMAGE) VALUES (4, 'F20', TO_DATE('2021-10-06', 'YYYY-MM-DD HH24:MI:SS'), '홍은미', '장영남, 김정영, 김강민', '스릴러', '104 분', '나의 삶은 모든 것이 완벽했다
어디에 내놔도 자랑스러운 아들을 둔 엄마 ‘애란’은
군 생활을 떠났던 아들 ‘도훈’에게
조현병이 발병했다는 충격적인 소식을 듣게 된다.

완벽했던 자신의 일상을 빼앗길까 두려운 ‘애란’은
아들의 병을 숨긴 채 살아가기로 결심하고

그러나, 순조로울 것만 같았던 그녀의 삶에
유일한 비밀을 알고 있는 ‘경화’가 나타나자
‘애란’의 불안은 점점 광기로 변해가는데…

가장 날카롭고 충격적인 영화가 온다!', '15세', 'https://img.dtryx.com/poster/2021/09/B205D42D-3CCF-455C-80E3-752881722765.small.jpg');
INSERT INTO MOVIE (MOVIE_NO, TITLE, OPEN_DATE, DIRECTOR, ACTORS, GENRE, RUNNINGTIME, SUMMARY, RATING, POSTER_IMAGE) VALUES (5, '007노 타임 투 다이', TO_DATE('2021-09-29', 'YYYY-MM-DD HH24:MI:SS'), '캐리 후쿠나가', '다니엘 크레이그, 라미 말렉, 라샤냐 린치, 레아 세이두, 벤 위쇼, 아나 디 아르마스, 나오미 해리스, 랄프 파인즈', '액션', '
163 분', '가장 강력한 운명의 적과 마주하게된 제임스 본드의 마지막 미션이 시작된다', '12세', 'https://img.dtryx.com/poster/2021/09/D1346E3E-0092-4017-8FF8-5846F96488BC.small.jpg');
INSERT INTO MOVIE (MOVIE_NO, TITLE, OPEN_DATE, DIRECTOR, ACTORS, GENRE, RUNNINGTIME, SUMMARY, RATING, POSTER_IMAGE) VALUES (6, '듄', TO_DATE('2021-10-20', 'YYYY-MM-DD HH24:MI:SS'), '드니 빌뇌브', '티모시 샬라메, 레베카 퍼거슨, 오스카 아이삭', '드라마,SF', '155 분', '“듄을 지배하는 자가 우주를 지배한다!”
10191년, 아트레이데스 가문의 후계자인 폴(티모시 샬라메)은 시공을 초월한 존재이자
전 우주를 구원할 예지된 자의 운명을 타고났다.
그리고 어떤 계시처럼 매일 꿈에서 아라키스 행성에 있는 한 여인을 만난다.
모래언덕을 뜻하는 ''듄''이라 불리는 아라키스는 물 한 방울 없는 사막이지만
우주에서 가장 비싼 물질인 신성한 환각제 스파이스의 유일한 생산지로 이를 차지하기 위한 전쟁이 치열하다.
황제의 명령으로 폴과 아트레이데스 가문은 죽음이 기다리는 아라키스로 향하는데…

위대한 자는 부름에 응답한다, 두려움에 맞서라, 이것은 위대한 시작이다!', '12세', 'https://img.dtryx.com/poster/2021/09/21157914-8738-4C96-B947-1242113C1D79.small.jpg');
INSERT INTO MOVIE (MOVIE_NO, TITLE, OPEN_DATE, DIRECTOR, ACTORS, GENRE, RUNNINGTIME, SUMMARY, RATING, POSTER_IMAGE) VALUES (7, '기적', TO_DATE('2021-09-15', 'YYYY-MM-DD HH24:MI:SS'), '이장훈', '박정민(준경), 이성민(태윤), 윤아(라희)', '드라마', '117 분', '오갈 수 있는 길은 기찻길밖에 없지만
정작 기차역은 없는 마을.
오늘부로 청와대에 딱 54번째 편지를 보낸 ‘준경’(박정민)의 목표는 단 하나!
바로 마을에 기차역이 생기는 것이다.

기차역은 어림없다는 원칙주의 기관사 아버지 ‘태윤’(이성민)의 반대에도
누나 ‘보경’(이수경)과 마을에 남는 걸 고집하며 왕복 5시간 통학길을 오가는 ‘준경’.
그의 엉뚱함 속 비범함을 단번에 알아본 자칭 뮤즈 ‘라희’(임윤아)와 함께
설득력 있는 편지쓰기를 위한 맞춤법 수업,
유명세를 얻기 위한 장학퀴즈 테스트,
대통령배 수학경시대회 응시까지!
오로지 기차역을 짓기 위한 ‘준경’만의 노력은 계속되는데...!

포기란 없다
기차가 서는 그날까지!', '12세', 'https://img.dtryx.com/poster/2021/09/31E90936-550D-4CDA-92B9-FD1301F97383.small.jpg');
INSERT INTO MOVIE (MOVIE_NO, TITLE, OPEN_DATE, DIRECTOR, ACTORS, GENRE, RUNNINGTIME, SUMMARY, RATING, POSTER_IMAGE) VALUES (8, '보이스', TO_DATE('2021-09-15', 'YYYY-MM-DD HH24:MI:SS'), '김선, 김곡', '변요한, 김무열', '액션,범죄', '109 분', '단 한 통의 전화!
걸려오는 순간 걸려들었다!
부산 건설현장 직원들을 상대로 걸려온 전화 한 통.
보이스피싱 전화로 인해 딸의 병원비부터 아파트 중도금까지,
당일 현장에서는 수많은 사람들이 목숨 같은 돈을 잃게 된다.

현장작업반장인 전직형사 서준(변요한)은 가족과 동료들의 돈 30억을 되찾기 위해
보이스피싱 조직을 추적하기 시작한다.

마침내 중국에 위치한 본거지 콜센터 잠입에 성공한 서준,
개인정보확보, 기획실 대본입고, 인출책 섭외, 환전소 작업, 대규모 콜센터까지!
체계적으로 조직화된 보이스피싱의 스케일에 놀라고,
그곳에서 피해자들의 희망과 공포를 파고드는 목소리의 주인공이자 기획실 총책 곽프로(김무열)를 드디어 마주한다.

그리고 그가 300억 규모의 새로운 총력전을 기획하는 것을 알게 되는데..

상상이상으로 치밀하게 조직화된 보이스피싱의 실체!
끝까지 쫓아 반드시 되찾는다!', '15세', 'https://img.dtryx.com/poster/2021/10/89E5F02F-EB7C-4B86-B9D1-9EBC9F3AA057.small.jpg');

--REVIEW
INSERT INTO REVIEW (REVIEW_NO, ID, MOVIE_NO, SCORE, REVIEW_COMMENT) VALUES (1, 'dleleu9', 1, 5, '가슴이 뜨거워지는 영화였습니다...');
INSERT INTO REVIEW (REVIEW_NO, ID, MOVIE_NO, SCORE, REVIEW_COMMENT) VALUES (2, 'fattwoolla', 2, 3, '스토리가 많이 부족했던 느낌! 신선했던 1편에 비해서 재미가 많이 떨어졌습니다...');
INSERT INTO REVIEW (REVIEW_NO, ID, MOVIE_NO, SCORE, REVIEW_COMMENT) VALUES (3, 'kgummieb', 2, 5, '재밌게 봤어요 평점 때문에 걱정하긴 했는데액션도 재밌고 킬링 타임으로 딱 좋아요 카니지가 너무 멋있어서 또 보고싶어요!!!');
INSERT INTO REVIEW (REVIEW_NO, ID, MOVIE_NO, SCORE, REVIEW_COMMENT) VALUES (4, 'lbraidleyc', 2, 4, '잤습니다. 쿠키를 보고싶으신 분들은 유튜브를 통해서...');
INSERT INTO REVIEW (REVIEW_NO, ID, MOVIE_NO, SCORE, REVIEW_COMMENT) VALUES (5, 'gjolyd', 3, 5, '애기들이 너무 좋아해요!!!');
INSERT INTO REVIEW (REVIEW_NO, ID, MOVIE_NO, SCORE, REVIEW_COMMENT) VALUES (6, 'kberntssene', 3, 5, '동심으로 돌아가기 좋은 영화.');
INSERT INTO REVIEW (REVIEW_NO, ID, MOVIE_NO, SCORE, REVIEW_COMMENT) VALUES (7, 'ffoundf', 4, 5, '강민님 연기 좋아요 응원합니다!!!');
INSERT INTO REVIEW (REVIEW_NO, ID, MOVIE_NO, SCORE, REVIEW_COMMENT) VALUES (8, 'ncapozzig', 4, 4, '배우분들 연기가 좋았습니다...');
INSERT INTO REVIEW (REVIEW_NO, ID, MOVIE_NO, SCORE, REVIEW_COMMENT) VALUES (9, 'kadneyh', 5, 2, '마지막인데 너무 미지근하게 끝난듯...');
INSERT INTO REVIEW (REVIEW_NO, ID, MOVIE_NO, SCORE, REVIEW_COMMENT) VALUES (10, 'gbillanyi', 5, 4, '액션은 독보적이나 마지막 스토리는 아쉽다.');
INSERT INTO REVIEW (REVIEW_NO, ID, MOVIE_NO, SCORE, REVIEW_COMMENT) VALUES (11, 'ggomerj', 6, 4, '신비의 모험을 떠나는 기분.');
INSERT INTO REVIEW (REVIEW_NO, ID, MOVIE_NO, SCORE, REVIEW_COMMENT) VALUES (12, 'llornsenk', 6, 5, '티모시 샬라메 연기짱 사랑해요...');
INSERT INTO REVIEW (REVIEW_NO, ID, MOVIE_NO, SCORE, REVIEW_COMMENT) VALUES (13, 'tphilol', 7, 5, '썸남이랑 보다가 여러번 울뻔했다.');
INSERT INTO REVIEW (REVIEW_NO, ID, MOVIE_NO, SCORE, REVIEW_COMMENT) VALUES (14, 'rscortonm', 7, 5, '지금 보니까 남자배우들 장난없네 …');
INSERT INTO REVIEW (REVIEW_NO, ID, MOVIE_NO, SCORE, REVIEW_COMMENT) VALUES (15, 'blustyn', 8, 2, '전체적으로 영화 수준이 낮지만 주제 자체는 흥미로움.');
INSERT INTO REVIEW (REVIEW_NO, ID, MOVIE_NO, SCORE, REVIEW_COMMENT) VALUES (16, 'sjulianoo', 8, 4, '보이스피싱 폐해와 위험성을 잘 그려낸듯...');

--SCREEN
INSERT INTO SCREEN (SCREEN_NO, SCREEN_NAME) VALUES (1, '1관');
INSERT INTO SCREEN (SCREEN_NO, SCREEN_NAME) VALUES (2, '2관');
INSERT INTO SCREEN (SCREEN_NO, SCREEN_NAME) VALUES (3, '3관');

--SEAT
INSERT INTO SEAT (SEAT_CODE, SCREEN_NO) VALUES ('A01', 1);
INSERT INTO SEAT (SEAT_CODE, SCREEN_NO) VALUES ('A01', 2);
INSERT INTO SEAT (SEAT_CODE, SCREEN_NO) VALUES ('A01', 3);
INSERT INTO SEAT (SEAT_CODE, SCREEN_NO) VALUES ('A02', 1);
INSERT INTO SEAT (SEAT_CODE, SCREEN_NO) VALUES ('A02', 2);
INSERT INTO SEAT (SEAT_CODE, SCREEN_NO) VALUES ('A02', 3);
INSERT INTO SEAT (SEAT_CODE, SCREEN_NO) VALUES ('A03', 1);
INSERT INTO SEAT (SEAT_CODE, SCREEN_NO) VALUES ('A03', 2);
INSERT INTO SEAT (SEAT_CODE, SCREEN_NO) VALUES ('A03', 3);
INSERT INTO SEAT (SEAT_CODE, SCREEN_NO) VALUES ('A04', 1);
INSERT INTO SEAT (SEAT_CODE, SCREEN_NO) VALUES ('A04', 2);
INSERT INTO SEAT (SEAT_CODE, SCREEN_NO) VALUES ('A04', 3);
INSERT INTO SEAT (SEAT_CODE, SCREEN_NO) VALUES ('A05', 1);
INSERT INTO SEAT (SEAT_CODE, SCREEN_NO) VALUES ('A05', 2);
INSERT INTO SEAT (SEAT_CODE, SCREEN_NO) VALUES ('A05', 3);
INSERT INTO SEAT (SEAT_CODE, SCREEN_NO) VALUES ('A06', 1);
INSERT INTO SEAT (SEAT_CODE, SCREEN_NO) VALUES ('A06', 2);
INSERT INTO SEAT (SEAT_CODE, SCREEN_NO) VALUES ('A06', 3);
INSERT INTO SEAT (SEAT_CODE, SCREEN_NO) VALUES ('A07', 1);
INSERT INTO SEAT (SEAT_CODE, SCREEN_NO) VALUES ('A07', 2);
INSERT INTO SEAT (SEAT_CODE, SCREEN_NO) VALUES ('A07', 3);
INSERT INTO SEAT (SEAT_CODE, SCREEN_NO) VALUES ('A08', 1);
INSERT INTO SEAT (SEAT_CODE, SCREEN_NO) VALUES ('A08', 2);
INSERT INTO SEAT (SEAT_CODE, SCREEN_NO) VALUES ('A08', 3);
INSERT INTO SEAT (SEAT_CODE, SCREEN_NO) VALUES ('A09', 1);
INSERT INTO SEAT (SEAT_CODE, SCREEN_NO) VALUES ('A09', 2);
INSERT INTO SEAT (SEAT_CODE, SCREEN_NO) VALUES ('A09', 3);
INSERT INTO SEAT (SEAT_CODE, SCREEN_NO) VALUES ('A10', 1);
INSERT INTO SEAT (SEAT_CODE, SCREEN_NO) VALUES ('A10', 2);
INSERT INTO SEAT (SEAT_CODE, SCREEN_NO) VALUES ('A10', 3);
INSERT INTO SEAT (SEAT_CODE, SCREEN_NO) VALUES ('A11', 1);
INSERT INTO SEAT (SEAT_CODE, SCREEN_NO) VALUES ('A11', 2);
INSERT INTO SEAT (SEAT_CODE, SCREEN_NO) VALUES ('A11', 3);
INSERT INTO SEAT (SEAT_CODE, SCREEN_NO) VALUES ('A12', 1);
INSERT INTO SEAT (SEAT_CODE, SCREEN_NO) VALUES ('A12', 2);
INSERT INTO SEAT (SEAT_CODE, SCREEN_NO) VALUES ('A12', 3);
INSERT INTO SEAT (SEAT_CODE, SCREEN_NO) VALUES ('B01', 1);
INSERT INTO SEAT (SEAT_CODE, SCREEN_NO) VALUES ('B01', 2);
INSERT INTO SEAT (SEAT_CODE, SCREEN_NO) VALUES ('B01', 3);
INSERT INTO SEAT (SEAT_CODE, SCREEN_NO) VALUES ('B02', 1);
INSERT INTO SEAT (SEAT_CODE, SCREEN_NO) VALUES ('B02', 2);
INSERT INTO SEAT (SEAT_CODE, SCREEN_NO) VALUES ('B02', 3);
INSERT INTO SEAT (SEAT_CODE, SCREEN_NO) VALUES ('B03', 1);
INSERT INTO SEAT (SEAT_CODE, SCREEN_NO) VALUES ('B03', 2);
INSERT INTO SEAT (SEAT_CODE, SCREEN_NO) VALUES ('B03', 3);
INSERT INTO SEAT (SEAT_CODE, SCREEN_NO) VALUES ('B04', 1);
INSERT INTO SEAT (SEAT_CODE, SCREEN_NO) VALUES ('B04', 2);
INSERT INTO SEAT (SEAT_CODE, SCREEN_NO) VALUES ('B04', 3);
INSERT INTO SEAT (SEAT_CODE, SCREEN_NO) VALUES ('B05', 1);
INSERT INTO SEAT (SEAT_CODE, SCREEN_NO) VALUES ('B05', 2);
INSERT INTO SEAT (SEAT_CODE, SCREEN_NO) VALUES ('B05', 3);
INSERT INTO SEAT (SEAT_CODE, SCREEN_NO) VALUES ('B06', 1);
INSERT INTO SEAT (SEAT_CODE, SCREEN_NO) VALUES ('B06', 2);
INSERT INTO SEAT (SEAT_CODE, SCREEN_NO) VALUES ('B06', 3);
INSERT INTO SEAT (SEAT_CODE, SCREEN_NO) VALUES ('B07', 1);
INSERT INTO SEAT (SEAT_CODE, SCREEN_NO) VALUES ('B07', 2);
INSERT INTO SEAT (SEAT_CODE, SCREEN_NO) VALUES ('B07', 3);
INSERT INTO SEAT (SEAT_CODE, SCREEN_NO) VALUES ('B08', 1);
INSERT INTO SEAT (SEAT_CODE, SCREEN_NO) VALUES ('B08', 2);
INSERT INTO SEAT (SEAT_CODE, SCREEN_NO) VALUES ('B08', 3);
INSERT INTO SEAT (SEAT_CODE, SCREEN_NO) VALUES ('B09', 1);
INSERT INTO SEAT (SEAT_CODE, SCREEN_NO) VALUES ('B09', 2);
INSERT INTO SEAT (SEAT_CODE, SCREEN_NO) VALUES ('B09', 3);
INSERT INTO SEAT (SEAT_CODE, SCREEN_NO) VALUES ('B10', 1);
INSERT INTO SEAT (SEAT_CODE, SCREEN_NO) VALUES ('B10', 2);
INSERT INTO SEAT (SEAT_CODE, SCREEN_NO) VALUES ('B10', 3);
INSERT INTO SEAT (SEAT_CODE, SCREEN_NO) VALUES ('B11', 1);
INSERT INTO SEAT (SEAT_CODE, SCREEN_NO) VALUES ('B11', 2);
INSERT INTO SEAT (SEAT_CODE, SCREEN_NO) VALUES ('B11', 3);
INSERT INTO SEAT (SEAT_CODE, SCREEN_NO) VALUES ('B12', 1);
INSERT INTO SEAT (SEAT_CODE, SCREEN_NO) VALUES ('B12', 2);
INSERT INTO SEAT (SEAT_CODE, SCREEN_NO) VALUES ('B12', 3);
INSERT INTO SEAT (SEAT_CODE, SCREEN_NO) VALUES ('C01', 1);
INSERT INTO SEAT (SEAT_CODE, SCREEN_NO) VALUES ('C01', 2);
INSERT INTO SEAT (SEAT_CODE, SCREEN_NO) VALUES ('C01', 3);
INSERT INTO SEAT (SEAT_CODE, SCREEN_NO) VALUES ('C02', 1);
INSERT INTO SEAT (SEAT_CODE, SCREEN_NO) VALUES ('C02', 2);
INSERT INTO SEAT (SEAT_CODE, SCREEN_NO) VALUES ('C02', 3);
INSERT INTO SEAT (SEAT_CODE, SCREEN_NO) VALUES ('C03', 1);
INSERT INTO SEAT (SEAT_CODE, SCREEN_NO) VALUES ('C03', 2);
INSERT INTO SEAT (SEAT_CODE, SCREEN_NO) VALUES ('C03', 3);
INSERT INTO SEAT (SEAT_CODE, SCREEN_NO) VALUES ('C04', 1);
INSERT INTO SEAT (SEAT_CODE, SCREEN_NO) VALUES ('C04', 2);
INSERT INTO SEAT (SEAT_CODE, SCREEN_NO) VALUES ('C04', 3);
INSERT INTO SEAT (SEAT_CODE, SCREEN_NO) VALUES ('C05', 1);
INSERT INTO SEAT (SEAT_CODE, SCREEN_NO) VALUES ('C05', 2);
INSERT INTO SEAT (SEAT_CODE, SCREEN_NO) VALUES ('C05', 3);
INSERT INTO SEAT (SEAT_CODE, SCREEN_NO) VALUES ('C06', 1);
INSERT INTO SEAT (SEAT_CODE, SCREEN_NO) VALUES ('C06', 2);
INSERT INTO SEAT (SEAT_CODE, SCREEN_NO) VALUES ('C06', 3);
INSERT INTO SEAT (SEAT_CODE, SCREEN_NO) VALUES ('C07', 1);
INSERT INTO SEAT (SEAT_CODE, SCREEN_NO) VALUES ('C07', 2);
INSERT INTO SEAT (SEAT_CODE, SCREEN_NO) VALUES ('C07', 3);
INSERT INTO SEAT (SEAT_CODE, SCREEN_NO) VALUES ('C08', 1);
INSERT INTO SEAT (SEAT_CODE, SCREEN_NO) VALUES ('C08', 2);
INSERT INTO SEAT (SEAT_CODE, SCREEN_NO) VALUES ('C08', 3);
INSERT INTO SEAT (SEAT_CODE, SCREEN_NO) VALUES ('C09', 1);
INSERT INTO SEAT (SEAT_CODE, SCREEN_NO) VALUES ('C09', 2);
INSERT INTO SEAT (SEAT_CODE, SCREEN_NO) VALUES ('C09', 3);
INSERT INTO SEAT (SEAT_CODE, SCREEN_NO) VALUES ('C10', 1);
INSERT INTO SEAT (SEAT_CODE, SCREEN_NO) VALUES ('C10', 2);
INSERT INTO SEAT (SEAT_CODE, SCREEN_NO) VALUES ('C10', 3);
INSERT INTO SEAT (SEAT_CODE, SCREEN_NO) VALUES ('C11', 1);
INSERT INTO SEAT (SEAT_CODE, SCREEN_NO) VALUES ('C11', 2);
INSERT INTO SEAT (SEAT_CODE, SCREEN_NO) VALUES ('C11', 3);
INSERT INTO SEAT (SEAT_CODE, SCREEN_NO) VALUES ('C12', 1);
INSERT INTO SEAT (SEAT_CODE, SCREEN_NO) VALUES ('C12', 2);
INSERT INTO SEAT (SEAT_CODE, SCREEN_NO) VALUES ('C12', 3);
INSERT INTO SEAT (SEAT_CODE, SCREEN_NO) VALUES ('D01', 1);
INSERT INTO SEAT (SEAT_CODE, SCREEN_NO) VALUES ('D01', 2);
INSERT INTO SEAT (SEAT_CODE, SCREEN_NO) VALUES ('D01', 3);
INSERT INTO SEAT (SEAT_CODE, SCREEN_NO) VALUES ('D02', 1);
INSERT INTO SEAT (SEAT_CODE, SCREEN_NO) VALUES ('D02', 2);
INSERT INTO SEAT (SEAT_CODE, SCREEN_NO) VALUES ('D02', 3);
INSERT INTO SEAT (SEAT_CODE, SCREEN_NO) VALUES ('D03', 1);
INSERT INTO SEAT (SEAT_CODE, SCREEN_NO) VALUES ('D03', 2);
INSERT INTO SEAT (SEAT_CODE, SCREEN_NO) VALUES ('D03', 3);
INSERT INTO SEAT (SEAT_CODE, SCREEN_NO) VALUES ('D04', 1);
INSERT INTO SEAT (SEAT_CODE, SCREEN_NO) VALUES ('D04', 2);
INSERT INTO SEAT (SEAT_CODE, SCREEN_NO) VALUES ('D04', 3);
INSERT INTO SEAT (SEAT_CODE, SCREEN_NO) VALUES ('D05', 1);
INSERT INTO SEAT (SEAT_CODE, SCREEN_NO) VALUES ('D05', 2);
INSERT INTO SEAT (SEAT_CODE, SCREEN_NO) VALUES ('D05', 3);
INSERT INTO SEAT (SEAT_CODE, SCREEN_NO) VALUES ('D06', 1);
INSERT INTO SEAT (SEAT_CODE, SCREEN_NO) VALUES ('D06', 2);
INSERT INTO SEAT (SEAT_CODE, SCREEN_NO) VALUES ('D06', 3);
INSERT INTO SEAT (SEAT_CODE, SCREEN_NO) VALUES ('D07', 1);
INSERT INTO SEAT (SEAT_CODE, SCREEN_NO) VALUES ('D07', 2);
INSERT INTO SEAT (SEAT_CODE, SCREEN_NO) VALUES ('D07', 3);
INSERT INTO SEAT (SEAT_CODE, SCREEN_NO) VALUES ('D08', 1);
INSERT INTO SEAT (SEAT_CODE, SCREEN_NO) VALUES ('D08', 2);
INSERT INTO SEAT (SEAT_CODE, SCREEN_NO) VALUES ('D08', 3);
INSERT INTO SEAT (SEAT_CODE, SCREEN_NO) VALUES ('D09', 1);
INSERT INTO SEAT (SEAT_CODE, SCREEN_NO) VALUES ('D09', 2);
INSERT INTO SEAT (SEAT_CODE, SCREEN_NO) VALUES ('D09', 3);
INSERT INTO SEAT (SEAT_CODE, SCREEN_NO) VALUES ('D10', 1);
INSERT INTO SEAT (SEAT_CODE, SCREEN_NO) VALUES ('D10', 2);
INSERT INTO SEAT (SEAT_CODE, SCREEN_NO) VALUES ('D10', 3);
INSERT INTO SEAT (SEAT_CODE, SCREEN_NO) VALUES ('D11', 1);
INSERT INTO SEAT (SEAT_CODE, SCREEN_NO) VALUES ('D11', 2);
INSERT INTO SEAT (SEAT_CODE, SCREEN_NO) VALUES ('D11', 3);
INSERT INTO SEAT (SEAT_CODE, SCREEN_NO) VALUES ('D12', 1);
INSERT INTO SEAT (SEAT_CODE, SCREEN_NO) VALUES ('D12', 2);
INSERT INTO SEAT (SEAT_CODE, SCREEN_NO) VALUES ('D12', 3);
INSERT INTO SEAT (SEAT_CODE, SCREEN_NO) VALUES ('E01', 1);
INSERT INTO SEAT (SEAT_CODE, SCREEN_NO) VALUES ('E01', 2);
INSERT INTO SEAT (SEAT_CODE, SCREEN_NO) VALUES ('E01', 3);
INSERT INTO SEAT (SEAT_CODE, SCREEN_NO) VALUES ('E02', 1);
INSERT INTO SEAT (SEAT_CODE, SCREEN_NO) VALUES ('E02', 2);
INSERT INTO SEAT (SEAT_CODE, SCREEN_NO) VALUES ('E02', 3);
INSERT INTO SEAT (SEAT_CODE, SCREEN_NO) VALUES ('E03', 1);
INSERT INTO SEAT (SEAT_CODE, SCREEN_NO) VALUES ('E03', 2);
INSERT INTO SEAT (SEAT_CODE, SCREEN_NO) VALUES ('E03', 3);
INSERT INTO SEAT (SEAT_CODE, SCREEN_NO) VALUES ('E04', 1);
INSERT INTO SEAT (SEAT_CODE, SCREEN_NO) VALUES ('E04', 2);
INSERT INTO SEAT (SEAT_CODE, SCREEN_NO) VALUES ('E04', 3);
INSERT INTO SEAT (SEAT_CODE, SCREEN_NO) VALUES ('E05', 1);
INSERT INTO SEAT (SEAT_CODE, SCREEN_NO) VALUES ('E05', 2);
INSERT INTO SEAT (SEAT_CODE, SCREEN_NO) VALUES ('E05', 3);
INSERT INTO SEAT (SEAT_CODE, SCREEN_NO) VALUES ('E06', 1);
INSERT INTO SEAT (SEAT_CODE, SCREEN_NO) VALUES ('E06', 2);
INSERT INTO SEAT (SEAT_CODE, SCREEN_NO) VALUES ('E06', 3);
INSERT INTO SEAT (SEAT_CODE, SCREEN_NO) VALUES ('E07', 1);
INSERT INTO SEAT (SEAT_CODE, SCREEN_NO) VALUES ('E07', 2);
INSERT INTO SEAT (SEAT_CODE, SCREEN_NO) VALUES ('E07', 3);
INSERT INTO SEAT (SEAT_CODE, SCREEN_NO) VALUES ('E08', 1);
INSERT INTO SEAT (SEAT_CODE, SCREEN_NO) VALUES ('E08', 2);
INSERT INTO SEAT (SEAT_CODE, SCREEN_NO) VALUES ('E08', 3);
INSERT INTO SEAT (SEAT_CODE, SCREEN_NO) VALUES ('E09', 1);
INSERT INTO SEAT (SEAT_CODE, SCREEN_NO) VALUES ('E09', 2);
INSERT INTO SEAT (SEAT_CODE, SCREEN_NO) VALUES ('E09', 3);
INSERT INTO SEAT (SEAT_CODE, SCREEN_NO) VALUES ('E10', 1);
INSERT INTO SEAT (SEAT_CODE, SCREEN_NO) VALUES ('E10', 2);
INSERT INTO SEAT (SEAT_CODE, SCREEN_NO) VALUES ('E10', 3);
INSERT INTO SEAT (SEAT_CODE, SCREEN_NO) VALUES ('E11', 1);
INSERT INTO SEAT (SEAT_CODE, SCREEN_NO) VALUES ('E11', 2);
INSERT INTO SEAT (SEAT_CODE, SCREEN_NO) VALUES ('E11', 3);
INSERT INTO SEAT (SEAT_CODE, SCREEN_NO) VALUES ('E12', 1);
INSERT INTO SEAT (SEAT_CODE, SCREEN_NO) VALUES ('E12', 2);
INSERT INTO SEAT (SEAT_CODE, SCREEN_NO) VALUES ('E12', 3);
INSERT INTO SEAT (SEAT_CODE, SCREEN_NO) VALUES ('F01', 1);
INSERT INTO SEAT (SEAT_CODE, SCREEN_NO) VALUES ('F01', 2);
INSERT INTO SEAT (SEAT_CODE, SCREEN_NO) VALUES ('F01', 3);
INSERT INTO SEAT (SEAT_CODE, SCREEN_NO) VALUES ('F02', 1);
INSERT INTO SEAT (SEAT_CODE, SCREEN_NO) VALUES ('F02', 2);
INSERT INTO SEAT (SEAT_CODE, SCREEN_NO) VALUES ('F02', 3);
INSERT INTO SEAT (SEAT_CODE, SCREEN_NO) VALUES ('F03', 1);
INSERT INTO SEAT (SEAT_CODE, SCREEN_NO) VALUES ('F03', 2);
INSERT INTO SEAT (SEAT_CODE, SCREEN_NO) VALUES ('F03', 3);
INSERT INTO SEAT (SEAT_CODE, SCREEN_NO) VALUES ('F04', 1);
INSERT INTO SEAT (SEAT_CODE, SCREEN_NO) VALUES ('F04', 2);
INSERT INTO SEAT (SEAT_CODE, SCREEN_NO) VALUES ('F04', 3);
INSERT INTO SEAT (SEAT_CODE, SCREEN_NO) VALUES ('F05', 1);
INSERT INTO SEAT (SEAT_CODE, SCREEN_NO) VALUES ('F05', 2);
INSERT INTO SEAT (SEAT_CODE, SCREEN_NO) VALUES ('F05', 3);
INSERT INTO SEAT (SEAT_CODE, SCREEN_NO) VALUES ('F06', 1);
INSERT INTO SEAT (SEAT_CODE, SCREEN_NO) VALUES ('F06', 2);
INSERT INTO SEAT (SEAT_CODE, SCREEN_NO) VALUES ('F06', 3);
INSERT INTO SEAT (SEAT_CODE, SCREEN_NO) VALUES ('F07', 1);
INSERT INTO SEAT (SEAT_CODE, SCREEN_NO) VALUES ('F07', 2);
INSERT INTO SEAT (SEAT_CODE, SCREEN_NO) VALUES ('F07', 3);
INSERT INTO SEAT (SEAT_CODE, SCREEN_NO) VALUES ('F08', 1);
INSERT INTO SEAT (SEAT_CODE, SCREEN_NO) VALUES ('F08', 2);
INSERT INTO SEAT (SEAT_CODE, SCREEN_NO) VALUES ('F08', 3);
INSERT INTO SEAT (SEAT_CODE, SCREEN_NO) VALUES ('F09', 1);
INSERT INTO SEAT (SEAT_CODE, SCREEN_NO) VALUES ('F09', 2);
INSERT INTO SEAT (SEAT_CODE, SCREEN_NO) VALUES ('F09', 3);
INSERT INTO SEAT (SEAT_CODE, SCREEN_NO) VALUES ('F10', 1);
INSERT INTO SEAT (SEAT_CODE, SCREEN_NO) VALUES ('F10', 2);
INSERT INTO SEAT (SEAT_CODE, SCREEN_NO) VALUES ('F10', 3);
INSERT INTO SEAT (SEAT_CODE, SCREEN_NO) VALUES ('F11', 1);
INSERT INTO SEAT (SEAT_CODE, SCREEN_NO) VALUES ('F11', 2);
INSERT INTO SEAT (SEAT_CODE, SCREEN_NO) VALUES ('F11', 3);
INSERT INTO SEAT (SEAT_CODE, SCREEN_NO) VALUES ('F12', 1);
INSERT INTO SEAT (SEAT_CODE, SCREEN_NO) VALUES ('F12', 2);
INSERT INTO SEAT (SEAT_CODE, SCREEN_NO) VALUES ('F12', 3);
INSERT INTO SEAT (SEAT_CODE, SCREEN_NO) VALUES ('G01', 1);
INSERT INTO SEAT (SEAT_CODE, SCREEN_NO) VALUES ('G01', 2);
INSERT INTO SEAT (SEAT_CODE, SCREEN_NO) VALUES ('G01', 3);
INSERT INTO SEAT (SEAT_CODE, SCREEN_NO) VALUES ('G02', 1);
INSERT INTO SEAT (SEAT_CODE, SCREEN_NO) VALUES ('G02', 2);
INSERT INTO SEAT (SEAT_CODE, SCREEN_NO) VALUES ('G02', 3);
INSERT INTO SEAT (SEAT_CODE, SCREEN_NO) VALUES ('G03', 1);
INSERT INTO SEAT (SEAT_CODE, SCREEN_NO) VALUES ('G03', 2);
INSERT INTO SEAT (SEAT_CODE, SCREEN_NO) VALUES ('G03', 3);
INSERT INTO SEAT (SEAT_CODE, SCREEN_NO) VALUES ('G04', 1);
INSERT INTO SEAT (SEAT_CODE, SCREEN_NO) VALUES ('G04', 2);
INSERT INTO SEAT (SEAT_CODE, SCREEN_NO) VALUES ('G04', 3);
INSERT INTO SEAT (SEAT_CODE, SCREEN_NO) VALUES ('G05', 1);
INSERT INTO SEAT (SEAT_CODE, SCREEN_NO) VALUES ('G05', 2);
INSERT INTO SEAT (SEAT_CODE, SCREEN_NO) VALUES ('G05', 3);
INSERT INTO SEAT (SEAT_CODE, SCREEN_NO) VALUES ('G06', 1);
INSERT INTO SEAT (SEAT_CODE, SCREEN_NO) VALUES ('G06', 2);
INSERT INTO SEAT (SEAT_CODE, SCREEN_NO) VALUES ('G06', 3);
INSERT INTO SEAT (SEAT_CODE, SCREEN_NO) VALUES ('G07', 1);
INSERT INTO SEAT (SEAT_CODE, SCREEN_NO) VALUES ('G07', 2);
INSERT INTO SEAT (SEAT_CODE, SCREEN_NO) VALUES ('G07', 3);
INSERT INTO SEAT (SEAT_CODE, SCREEN_NO) VALUES ('G08', 1);
INSERT INTO SEAT (SEAT_CODE, SCREEN_NO) VALUES ('G08', 2);
INSERT INTO SEAT (SEAT_CODE, SCREEN_NO) VALUES ('G08', 3);
INSERT INTO SEAT (SEAT_CODE, SCREEN_NO) VALUES ('G09', 1);
INSERT INTO SEAT (SEAT_CODE, SCREEN_NO) VALUES ('G09', 2);
INSERT INTO SEAT (SEAT_CODE, SCREEN_NO) VALUES ('G09', 3);
INSERT INTO SEAT (SEAT_CODE, SCREEN_NO) VALUES ('G10', 1);
INSERT INTO SEAT (SEAT_CODE, SCREEN_NO) VALUES ('G10', 2);
INSERT INTO SEAT (SEAT_CODE, SCREEN_NO) VALUES ('G10', 3);
INSERT INTO SEAT (SEAT_CODE, SCREEN_NO) VALUES ('G11', 1);
INSERT INTO SEAT (SEAT_CODE, SCREEN_NO) VALUES ('G11', 2);
INSERT INTO SEAT (SEAT_CODE, SCREEN_NO) VALUES ('G11', 3);
INSERT INTO SEAT (SEAT_CODE, SCREEN_NO) VALUES ('G12', 1);
INSERT INTO SEAT (SEAT_CODE, SCREEN_NO) VALUES ('G12', 2);
INSERT INTO SEAT (SEAT_CODE, SCREEN_NO) VALUES ('G12', 3);
INSERT INTO SEAT (SEAT_CODE, SCREEN_NO) VALUES ('H01', 1);
INSERT INTO SEAT (SEAT_CODE, SCREEN_NO) VALUES ('H01', 2);
INSERT INTO SEAT (SEAT_CODE, SCREEN_NO) VALUES ('H01', 3);
INSERT INTO SEAT (SEAT_CODE, SCREEN_NO) VALUES ('H02', 1);
INSERT INTO SEAT (SEAT_CODE, SCREEN_NO) VALUES ('H02', 2);
INSERT INTO SEAT (SEAT_CODE, SCREEN_NO) VALUES ('H02', 3);
INSERT INTO SEAT (SEAT_CODE, SCREEN_NO) VALUES ('H03', 1);
INSERT INTO SEAT (SEAT_CODE, SCREEN_NO) VALUES ('H03', 2);
INSERT INTO SEAT (SEAT_CODE, SCREEN_NO) VALUES ('H03', 3);
INSERT INTO SEAT (SEAT_CODE, SCREEN_NO) VALUES ('H04', 1);
INSERT INTO SEAT (SEAT_CODE, SCREEN_NO) VALUES ('H04', 2);
INSERT INTO SEAT (SEAT_CODE, SCREEN_NO) VALUES ('H04', 3);
INSERT INTO SEAT (SEAT_CODE, SCREEN_NO) VALUES ('H05', 1);
INSERT INTO SEAT (SEAT_CODE, SCREEN_NO) VALUES ('H05', 2);
INSERT INTO SEAT (SEAT_CODE, SCREEN_NO) VALUES ('H05', 3);
INSERT INTO SEAT (SEAT_CODE, SCREEN_NO) VALUES ('H06', 1);
INSERT INTO SEAT (SEAT_CODE, SCREEN_NO) VALUES ('H06', 2);
INSERT INTO SEAT (SEAT_CODE, SCREEN_NO) VALUES ('H06', 3);
INSERT INTO SEAT (SEAT_CODE, SCREEN_NO) VALUES ('H07', 1);
INSERT INTO SEAT (SEAT_CODE, SCREEN_NO) VALUES ('H07', 2);
INSERT INTO SEAT (SEAT_CODE, SCREEN_NO) VALUES ('H07', 3);
INSERT INTO SEAT (SEAT_CODE, SCREEN_NO) VALUES ('H08', 1);
INSERT INTO SEAT (SEAT_CODE, SCREEN_NO) VALUES ('H08', 2);
INSERT INTO SEAT (SEAT_CODE, SCREEN_NO) VALUES ('H08', 3);
INSERT INTO SEAT (SEAT_CODE, SCREEN_NO) VALUES ('H09', 1);
INSERT INTO SEAT (SEAT_CODE, SCREEN_NO) VALUES ('H09', 2);
INSERT INTO SEAT (SEAT_CODE, SCREEN_NO) VALUES ('H09', 3);
INSERT INTO SEAT (SEAT_CODE, SCREEN_NO) VALUES ('H10', 1);
INSERT INTO SEAT (SEAT_CODE, SCREEN_NO) VALUES ('H10', 2);
INSERT INTO SEAT (SEAT_CODE, SCREEN_NO) VALUES ('H10', 3);
INSERT INTO SEAT (SEAT_CODE, SCREEN_NO) VALUES ('H11', 1);
INSERT INTO SEAT (SEAT_CODE, SCREEN_NO) VALUES ('H11', 2);
INSERT INTO SEAT (SEAT_CODE, SCREEN_NO) VALUES ('H11', 3);
INSERT INTO SEAT (SEAT_CODE, SCREEN_NO) VALUES ('H12', 1);
INSERT INTO SEAT (SEAT_CODE, SCREEN_NO) VALUES ('H12', 2);
INSERT INTO SEAT (SEAT_CODE, SCREEN_NO) VALUES ('H12', 3);

--TIME
INSERT INTO TIME (TIME_CODE, SCREEN_NO, MOVIE_NO, START_TIME, END_TIME, MOVIE_DATE) VALUES (1, 1, 1, '13:30', '15:09', TO_DATE('2021-10-20', 'YYYY-MM-DD HH24:MI:SS'));
INSERT INTO TIME (TIME_CODE, SCREEN_NO, MOVIE_NO, START_TIME, END_TIME, MOVIE_DATE) VALUES (2, 2, 2, '17:35', '19:12', TO_DATE('2021-10-19', 'YYYY-MM-DD HH24:MI:SS'));
INSERT INTO TIME (TIME_CODE, SCREEN_NO, MOVIE_NO, START_TIME, END_TIME, MOVIE_DATE) VALUES (3, 2, 2, '19:40', '21:17', TO_DATE('2021-10-19', 'YYYY-MM-DD HH24:MI:SS'));
INSERT INTO TIME (TIME_CODE, SCREEN_NO, MOVIE_NO, START_TIME, END_TIME, MOVIE_DATE) VALUES (4, 3, 2, '20:00', '21:37', TO_DATE('2021-10-19', 'YYYY-MM-DD HH24:MI:SS'));
INSERT INTO TIME (TIME_CODE, SCREEN_NO, MOVIE_NO, START_TIME, END_TIME, MOVIE_DATE) VALUES (5, 1, 2, '13:40', '15:17', TO_DATE('2021-10-20', 'YYYY-MM-DD HH24:MI:SS'));
INSERT INTO TIME (TIME_CODE, SCREEN_NO, MOVIE_NO, START_TIME, END_TIME, MOVIE_DATE) VALUES (6, 3, 2, '14:00', '15:37', TO_DATE('2021-10-20', 'YYYY-MM-DD HH24:MI:SS'));
INSERT INTO TIME (TIME_CODE, SCREEN_NO, MOVIE_NO, START_TIME, END_TIME, MOVIE_DATE) VALUES (7, 3, 2, '16:10', '17:47', TO_DATE('2021-10-20', 'YYYY-MM-DD HH24:MI:SS'));
INSERT INTO TIME (TIME_CODE, SCREEN_NO, MOVIE_NO, START_TIME, END_TIME, MOVIE_DATE) VALUES (8, 3, 2, '17:40', '19:17', TO_DATE('2021-10-20', 'YYYY-MM-DD HH24:MI:SS'));
INSERT INTO TIME (TIME_CODE, SCREEN_NO, MOVIE_NO, START_TIME, END_TIME, MOVIE_DATE) VALUES (9, 3, 2, '20:00', '21:37', TO_DATE('2021-10-20', 'YYYY-MM-DD HH24:MI:SS'));
INSERT INTO TIME (TIME_CODE, SCREEN_NO, MOVIE_NO, START_TIME, END_TIME, MOVIE_DATE) VALUES (10, 2, 2, '13:40', '15:17', TO_DATE('2021-10-21', 'YYYY-MM-DD HH24:MI:SS'));
INSERT INTO TIME (TIME_CODE, SCREEN_NO, MOVIE_NO, START_TIME, END_TIME, MOVIE_DATE) VALUES (11, 3, 2, '16:40', '18:17', TO_DATE('2021-10-21', 'YYYY-MM-DD HH24:MI:SS'));
INSERT INTO TIME (TIME_CODE, SCREEN_NO, MOVIE_NO, START_TIME, END_TIME, MOVIE_DATE) VALUES (12, 1, 2, '20:00', '21:37', TO_DATE('2021-10-21', 'YYYY-MM-DD HH24:MI:SS'));
INSERT INTO TIME (TIME_CODE, SCREEN_NO, MOVIE_NO, START_TIME, END_TIME, MOVIE_DATE) VALUES (13, 2, 2, '16:30', '18:07', TO_DATE('2021-10-22', 'YYYY-MM-DD HH24:MI:SS'));
INSERT INTO TIME (TIME_CODE, SCREEN_NO, MOVIE_NO, START_TIME, END_TIME, MOVIE_DATE) VALUES (14, 3, 2, '16:40', '18:17', TO_DATE('2021-10-22', 'YYYY-MM-DD HH24:MI:SS'));
INSERT INTO TIME (TIME_CODE, SCREEN_NO, MOVIE_NO, START_TIME, END_TIME, MOVIE_DATE) VALUES (15, 1, 2, '17:40', '19:17', TO_DATE('2021-10-22', 'YYYY-MM-DD HH24:MI:SS'));
INSERT INTO TIME (TIME_CODE, SCREEN_NO, MOVIE_NO, START_TIME, END_TIME, MOVIE_DATE) VALUES (16, 1, 2, '20:00', '21:37', TO_DATE('2021-10-22', 'YYYY-MM-DD HH24:MI:SS'));
INSERT INTO TIME (TIME_CODE, SCREEN_NO, MOVIE_NO, START_TIME, END_TIME, MOVIE_DATE) VALUES (17, 2, 2, '13:15', '14:52', TO_DATE('2021-10-23', 'YYYY-MM-DD HH24:MI:SS'));
INSERT INTO TIME (TIME_CODE, SCREEN_NO, MOVIE_NO, START_TIME, END_TIME, MOVIE_DATE) VALUES (18, 3, 2, '16:50', '18:27', TO_DATE('2021-10-23', 'YYYY-MM-DD HH24:MI:SS'));
INSERT INTO TIME (TIME_CODE, SCREEN_NO, MOVIE_NO, START_TIME, END_TIME, MOVIE_DATE) VALUES (19, 2, 2, '20:00', '21:37', TO_DATE('2021-10-23', 'YYYY-MM-DD HH24:MI:SS'));
INSERT INTO TIME (TIME_CODE, SCREEN_NO, MOVIE_NO, START_TIME, END_TIME, MOVIE_DATE) VALUES (20, 2, 2, '13:20', '14:57', TO_DATE('2021-10-24', 'YYYY-MM-DD HH24:MI:SS'));
INSERT INTO TIME (TIME_CODE, SCREEN_NO, MOVIE_NO, START_TIME, END_TIME, MOVIE_DATE) VALUES (21, 3, 2, '15:05', '16:42', TO_DATE('2021-10-24', 'YYYY-MM-DD HH24:MI:SS'));
INSERT INTO TIME (TIME_CODE, SCREEN_NO, MOVIE_NO, START_TIME, END_TIME, MOVIE_DATE) VALUES (22, 2, 2, '17:50', '19:27', TO_DATE('2021-10-24', 'YYYY-MM-DD HH24:MI:SS'));
INSERT INTO TIME (TIME_CODE, SCREEN_NO, MOVIE_NO, START_TIME, END_TIME, MOVIE_DATE) VALUES (23, 2, 2, '20:00', '21:37', TO_DATE('2021-10-24', 'YYYY-MM-DD HH24:MI:SS'));
INSERT INTO TIME (TIME_CODE, SCREEN_NO, MOVIE_NO, START_TIME, END_TIME, MOVIE_DATE) VALUES (24, 3, 2, '20:00', '21:37', TO_DATE('2021-10-24', 'YYYY-MM-DD HH24:MI:SS'));
INSERT INTO TIME (TIME_CODE, SCREEN_NO, MOVIE_NO, START_TIME, END_TIME, MOVIE_DATE) VALUES (25, 1, 3, '15:40', '17:10', TO_DATE('2021-10-19', 'YYYY-MM-DD HH24:MI:SS'));
INSERT INTO TIME (TIME_CODE, SCREEN_NO, MOVIE_NO, START_TIME, END_TIME, MOVIE_DATE) VALUES (26, 2, 3, '15:30', '17:00', TO_DATE('2021-10-20', 'YYYY-MM-DD HH24:MI:SS'));
INSERT INTO TIME (TIME_CODE, SCREEN_NO, MOVIE_NO, START_TIME, END_TIME, MOVIE_DATE) VALUES (27, 1, 3, '13:20', '14:50', TO_DATE('2021-10-22', 'YYYY-MM-DD HH24:MI:SS'));
INSERT INTO TIME (TIME_CODE, SCREEN_NO, MOVIE_NO, START_TIME, END_TIME, MOVIE_DATE) VALUES (28, 2, 3, '15:15', '16:45', TO_DATE('2021-10-23', 'YYYY-MM-DD HH24:MI:SS'));
INSERT INTO TIME (TIME_CODE, SCREEN_NO, MOVIE_NO, START_TIME, END_TIME, MOVIE_DATE) VALUES (29, 3, 3, '13:15', '14:45', TO_DATE('2021-10-24', 'YYYY-MM-DD HH24:MI:SS'));
INSERT INTO TIME (TIME_CODE, SCREEN_NO, MOVIE_NO, START_TIME, END_TIME, MOVIE_DATE) VALUES (30, 1, 4, '13:20', '15:04', TO_DATE('2021-10-21', 'YYYY-MM-DD HH24:MI:SS'));
INSERT INTO TIME (TIME_CODE, SCREEN_NO, MOVIE_NO, START_TIME, END_TIME, MOVIE_DATE) VALUES (31, 1, 4, '15:20', '17:04', TO_DATE('2021-10-22', 'YYYY-MM-DD HH24:MI:SS'));
INSERT INTO TIME (TIME_CODE, SCREEN_NO, MOVIE_NO, START_TIME, END_TIME, MOVIE_DATE) VALUES (32, 1, 4, '16:30', '18:14', TO_DATE('2021-10-23', 'YYYY-MM-DD HH24:MI:SS'));
INSERT INTO TIME (TIME_CODE, SCREEN_NO, MOVIE_NO, START_TIME, END_TIME, MOVIE_DATE) VALUES (33, 3, 5, '16:30', '19:13', TO_DATE('2021-10-19', 'YYYY-MM-DD HH24:MI:SS'));
INSERT INTO TIME (TIME_CODE, SCREEN_NO, MOVIE_NO, START_TIME, END_TIME, MOVIE_DATE) VALUES (34, 1, 5, '16:20', '19:03', TO_DATE('2021-10-21', 'YYYY-MM-DD HH24:MI:SS'));
INSERT INTO TIME (TIME_CODE, SCREEN_NO, MOVIE_NO, START_TIME, END_TIME, MOVIE_DATE) VALUES (35, 3, 5, '13:20', '16:03', TO_DATE('2021-10-21', 'YYYY-MM-DD HH24:MI:SS'));
INSERT INTO TIME (TIME_CODE, SCREEN_NO, MOVIE_NO, START_TIME, END_TIME, MOVIE_DATE) VALUES (36, 3, 5, '13:30', '16:13', TO_DATE('2021-10-22', 'YYYY-MM-DD HH24:MI:SS'));
INSERT INTO TIME (TIME_CODE, SCREEN_NO, MOVIE_NO, START_TIME, END_TIME, MOVIE_DATE) VALUES (37, 1, 5, '18:40', '21:23', TO_DATE('2021-10-23', 'YYYY-MM-DD HH24:MI:SS'));
INSERT INTO TIME (TIME_CODE, SCREEN_NO, MOVIE_NO, START_TIME, END_TIME, MOVIE_DATE) VALUES (38, 1, 6, '15:40', '18:15', TO_DATE('2021-10-20', 'YYYY-MM-DD HH24:MI:SS'));
INSERT INTO TIME (TIME_CODE, SCREEN_NO, MOVIE_NO, START_TIME, END_TIME, MOVIE_DATE) VALUES (39, 1, 6, '18:45', '21:20', TO_DATE('2021-10-20', 'YYYY-MM-DD HH24:MI:SS'));
INSERT INTO TIME (TIME_CODE, SCREEN_NO, MOVIE_NO, START_TIME, END_TIME, MOVIE_DATE) VALUES (40, 3, 6, '19:05', '21:40', TO_DATE('2021-10-20', 'YYYY-MM-DD HH24:MI:SS'));
INSERT INTO TIME (TIME_CODE, SCREEN_NO, MOVIE_NO, START_TIME, END_TIME, MOVIE_DATE) VALUES (41, 2, 6, '15:40', '18:15', TO_DATE('2021-10-21', 'YYYY-MM-DD HH24:MI:SS'));
INSERT INTO TIME (TIME_CODE, SCREEN_NO, MOVIE_NO, START_TIME, END_TIME, MOVIE_DATE) VALUES (42, 2, 6, '18:45', '21:20', TO_DATE('2021-10-21', 'YYYY-MM-DD HH24:MI:SS'));
INSERT INTO TIME (TIME_CODE, SCREEN_NO, MOVIE_NO, START_TIME, END_TIME, MOVIE_DATE) VALUES (43, 3, 6, '19:05', '21:40', TO_DATE('2021-10-21', 'YYYY-MM-DD HH24:MI:SS'));
INSERT INTO TIME (TIME_CODE, SCREEN_NO, MOVIE_NO, START_TIME, END_TIME, MOVIE_DATE) VALUES (44, 2, 6, '13:30', '16:05', TO_DATE('2021-10-22', 'YYYY-MM-DD HH24:MI:SS'));
INSERT INTO TIME (TIME_CODE, SCREEN_NO, MOVIE_NO, START_TIME, END_TIME, MOVIE_DATE) VALUES (45, 2, 6, '18:45', '21:20', TO_DATE('2021-10-22', 'YYYY-MM-DD HH24:MI:SS'));
INSERT INTO TIME (TIME_CODE, SCREEN_NO, MOVIE_NO, START_TIME, END_TIME, MOVIE_DATE) VALUES (46, 3, 6, '19:05', '21:40', TO_DATE('2021-10-22', 'YYYY-MM-DD HH24:MI:SS'));
INSERT INTO TIME (TIME_CODE, SCREEN_NO, MOVIE_NO, START_TIME, END_TIME, MOVIE_DATE) VALUES (47, 1, 6, '13:30', '16:05', TO_DATE('2021-10-23', 'YYYY-MM-DD HH24:MI:SS'));
INSERT INTO TIME (TIME_CODE, SCREEN_NO, MOVIE_NO, START_TIME, END_TIME, MOVIE_DATE) VALUES (48, 2, 6, '17:05', '19:40', TO_DATE('2021-10-23', 'YYYY-MM-DD HH24:MI:SS'));
INSERT INTO TIME (TIME_CODE, SCREEN_NO, MOVIE_NO, START_TIME, END_TIME, MOVIE_DATE) VALUES (49, 3, 6, '13:30', '16:05', TO_DATE('2021-10-23', 'YYYY-MM-DD HH24:MI:SS'));
INSERT INTO TIME (TIME_CODE, SCREEN_NO, MOVIE_NO, START_TIME, END_TIME, MOVIE_DATE) VALUES (50, 3, 6, '19:05', '21:40', TO_DATE('2021-10-23', 'YYYY-MM-DD HH24:MI:SS'));
INSERT INTO TIME (TIME_CODE, SCREEN_NO, MOVIE_NO, START_TIME, END_TIME, MOVIE_DATE) VALUES (51, 1, 6, '13:30', '16:05', TO_DATE('2021-10-24', 'YYYY-MM-DD HH24:MI:SS'));
INSERT INTO TIME (TIME_CODE, SCREEN_NO, MOVIE_NO, START_TIME, END_TIME, MOVIE_DATE) VALUES (52, 1, 6, '18:50', '21:25', TO_DATE('2021-10-24', 'YYYY-MM-DD HH24:MI:SS'));
INSERT INTO TIME (TIME_CODE, SCREEN_NO, MOVIE_NO, START_TIME, END_TIME, MOVIE_DATE) VALUES (53, 3, 6, '17:05', '19:40', TO_DATE('2021-10-24', 'YYYY-MM-DD HH24:MI:SS'));
INSERT INTO TIME (TIME_CODE, SCREEN_NO, MOVIE_NO, START_TIME, END_TIME, MOVIE_DATE) VALUES (54, 1, 7, '19:40', '21:37', TO_DATE('2021-10-19', 'YYYY-MM-DD HH24:MI:SS'));
INSERT INTO TIME (TIME_CODE, SCREEN_NO, MOVIE_NO, START_TIME, END_TIME, MOVIE_DATE) VALUES (55, 2, 7, '15:30', '17:27', TO_DATE('2021-10-24', 'YYYY-MM-DD HH24:MI:SS'));
INSERT INTO TIME (TIME_CODE, SCREEN_NO, MOVIE_NO, START_TIME, END_TIME, MOVIE_DATE) VALUES (56, 1, 8, '17:30', '19:19', TO_DATE('2021-10-19', 'YYYY-MM-DD HH24:MI:SS'));
INSERT INTO TIME (TIME_CODE, SCREEN_NO, MOVIE_NO, START_TIME, END_TIME, MOVIE_DATE) VALUES (57, 1, 8, '16:30', '18:19', TO_DATE('2021-10-24', 'YYYY-MM-DD HH24:MI:SS'));
--TICKET
INSERT INTO TICKET (TICKET_NO, ID, TIME_CODE, PAY_COST, ORDER_DATE, TICKET_STATUS) VALUES (1, 'pbreitling0', '5', 12000, TO_DATE('2021-10-19', 'YYYY-MM-DD HH24:MI:SS'), 1);
INSERT INTO TICKET (TICKET_NO, ID, TIME_CODE, PAY_COST, ORDER_DATE, TICKET_STATUS) VALUES (2, 'asurcombe1', '21', 6000, TO_DATE('2021-10-20', 'YYYY-MM-DD HH24:MI:SS'), 1);
INSERT INTO TICKET (TICKET_NO, ID, TIME_CODE, PAY_COST, ORDER_DATE, TICKET_STATUS) VALUES (3, 'vransley2', '57', 18000, TO_DATE('2021-10-20', 'YYYY-MM-DD HH24:MI:SS'), 1);
INSERT INTO TICKET (TICKET_NO, ID, TIME_CODE, PAY_COST, ORDER_DATE, TICKET_STATUS) VALUES (4, 'nmcgahern3', '13', 12000, TO_DATE('2021-10-21', 'YYYY-MM-DD HH24:MI:SS'), 1);
INSERT INTO TICKET (TICKET_NO, ID, TIME_CODE, PAY_COST, ORDER_DATE, TICKET_STATUS) VALUES (5, 'cluparto4', '4', 6000, TO_DATE('2021-10-21', 'YYYY-MM-DD HH24:MI:SS'), 1);
INSERT INTO TICKET (TICKET_NO, ID, TIME_CODE, PAY_COST, ORDER_DATE, TICKET_STATUS) VALUES (6, 'dbuxcy5', '27', 12000, TO_DATE('2021-10-22', 'YYYY-MM-DD HH24:MI:SS'), 1);
INSERT INTO TICKET (TICKET_NO, ID, TIME_CODE, PAY_COST, ORDER_DATE, TICKET_STATUS) VALUES (7, 'cjouanet6', '39', 6000, TO_DATE('2021-10-22', 'YYYY-MM-DD HH24:MI:SS'), 1);
INSERT INTO TICKET (TICKET_NO, ID, TIME_CODE, PAY_COST, ORDER_DATE, TICKET_STATUS) VALUES (8, 'jholtaway7', '40', 18000, TO_DATE('2021-10-23', 'YYYY-MM-DD HH24:MI:SS'), 1);
INSERT INTO TICKET (TICKET_NO, ID, TIME_CODE, PAY_COST, ORDER_DATE, TICKET_STATUS) VALUES (9, 'jpryer8', '15', 12000, TO_DATE('2021-10-23', 'YYYY-MM-DD HH24:MI:SS'), 1);
INSERT INTO TICKET (TICKET_NO, ID, TIME_CODE, PAY_COST, ORDER_DATE, TICKET_STATUS) VALUES (10, 'dleleu9', '28', 12000, TO_DATE('2021-10-24', 'YYYY-MM-DD HH24:MI:SS'), 1);
INSERT INTO TICKET (TICKET_NO, ID, TIME_CODE, PAY_COST, ORDER_DATE, TICKET_STATUS) VALUES (11, 'fattwoolla', '1', 6000, TO_DATE('2021-10-20', 'YYYY-MM-DD HH24:MI:SS'), 1);
INSERT INTO TICKET (TICKET_NO, ID, TIME_CODE, PAY_COST, ORDER_DATE, TICKET_STATUS) VALUES (12, 'kgummieb', '1', 12000, TO_DATE('2021-10-19', 'YYYY-MM-DD HH24:MI:SS'), 1);
INSERT INTO TICKET (TICKET_NO, ID, TIME_CODE, PAY_COST, ORDER_DATE, TICKET_STATUS) VALUES (13, 'lbraidleyc', '1', 6000, TO_DATE('2021-10-18', 'YYYY-MM-DD HH24:MI:SS'), 1);
INSERT INTO TICKET (TICKET_NO, ID, TIME_CODE, PAY_COST, ORDER_DATE, TICKET_STATUS) VALUES (14, 'gjolyd', '2', 12000, TO_DATE('2021-10-19', 'YYYY-MM-DD HH24:MI:SS'), 1);
INSERT INTO TICKET (TICKET_NO, ID, TIME_CODE, PAY_COST, ORDER_DATE, TICKET_STATUS) VALUES (15, 'kberntssene', '2', 12000, TO_DATE('2021-10-18', 'YYYY-MM-DD HH24:MI:SS'), 1);
INSERT INTO TICKET (TICKET_NO, ID, TIME_CODE, PAY_COST, ORDER_DATE, TICKET_STATUS) VALUES (16, 'ffoundf', '2', 6000, TO_DATE('2021-10-15', 'YYYY-MM-DD HH24:MI:SS'), 1);
INSERT INTO TICKET (TICKET_NO, ID, TIME_CODE, PAY_COST, ORDER_DATE, TICKET_STATUS) VALUES (17, 'ncapozzig', '3', 18000, TO_DATE('2021-10-19', 'YYYY-MM-DD HH24:MI:SS'), 1);
INSERT INTO TICKET (TICKET_NO, ID, TIME_CODE, PAY_COST, ORDER_DATE, TICKET_STATUS) VALUES (18, 'kadneyh', '4', 24000, TO_DATE('2021-10-19', 'YYYY-MM-DD HH24:MI:SS'), 1);
INSERT INTO TICKET (TICKET_NO, ID, TIME_CODE, PAY_COST, ORDER_DATE, TICKET_STATUS) VALUES (19, 'gbillanyi', '5', 6000, TO_DATE('2021-10-20', 'YYYY-MM-DD HH24:MI:SS'), 1);
INSERT INTO TICKET (TICKET_NO, ID, TIME_CODE, PAY_COST, ORDER_DATE, TICKET_STATUS) VALUES (20, 'ggomerj', '6', 12000, TO_DATE('2021-10-20', 'YYYY-MM-DD HH24:MI:SS'), 1);
INSERT INTO TICKET (TICKET_NO, ID, TIME_CODE, PAY_COST, ORDER_DATE, TICKET_STATUS) VALUES (21, 'llornsenk', '7', 18000, TO_DATE('2021-10-20', 'YYYY-MM-DD HH24:MI:SS'), 1);
INSERT INTO TICKET (TICKET_NO, ID, TIME_CODE, PAY_COST, ORDER_DATE, TICKET_STATUS) VALUES (22, 'tphilol', '8', 24000, TO_DATE('2021-10-20', 'YYYY-MM-DD HH24:MI:SS'), 1);
INSERT INTO TICKET (TICKET_NO, ID, TIME_CODE, PAY_COST, ORDER_DATE, TICKET_STATUS) VALUES (23, 'rscortonm', '9', 6000, TO_DATE('2021-10-20', 'YYYY-MM-DD HH24:MI:SS'), 1);
INSERT INTO TICKET (TICKET_NO, ID, TIME_CODE, PAY_COST, ORDER_DATE, TICKET_STATUS) VALUES (24, 'blustyn', '10', 12000, TO_DATE('2021-10-21', 'YYYY-MM-DD HH24:MI:SS'), 1);
INSERT INTO TICKET (TICKET_NO, ID, TIME_CODE, PAY_COST, ORDER_DATE, TICKET_STATUS) VALUES (25, 'sjulianoo', '11', 18000, TO_DATE('2021-10-21', 'YYYY-MM-DD HH24:MI:SS'), 1);
INSERT INTO TICKET (TICKET_NO, ID, TIME_CODE, PAY_COST, ORDER_DATE, TICKET_STATUS) VALUES (26, 'cbulfordp', '12', 24000, TO_DATE('2021-10-21', 'YYYY-MM-DD HH24:MI:SS'), 1);
INSERT INTO TICKET (TICKET_NO, ID, TIME_CODE, PAY_COST, ORDER_DATE, TICKET_STATUS) VALUES (27, 'dpeaddieq', '13', 6000, TO_DATE('2021-10-22', 'YYYY-MM-DD HH24:MI:SS'), 1);
INSERT INTO TICKET (TICKET_NO, ID, TIME_CODE, PAY_COST, ORDER_DATE, TICKET_STATUS) VALUES (28, 'jdominkar', '14', 12000, TO_DATE('2021-10-22', 'YYYY-MM-DD HH24:MI:SS'), 1);
INSERT INTO TICKET (TICKET_NO, ID, TIME_CODE, PAY_COST, ORDER_DATE, TICKET_STATUS) VALUES (29, 'nproudlers', '15', 18000, TO_DATE('2021-10-22', 'YYYY-MM-DD HH24:MI:SS'), 1);
INSERT INTO TICKET (TICKET_NO, ID, TIME_CODE, PAY_COST, ORDER_DATE, TICKET_STATUS) VALUES (30, 'fturest', '16', 24000, TO_DATE('2021-10-22', 'YYYY-MM-DD HH24:MI:SS'), 1);
INSERT INTO TICKET (TICKET_NO, ID, TIME_CODE, PAY_COST, ORDER_DATE, TICKET_STATUS) VALUES (31, 'baeryu', '17', 6000, TO_DATE('2021-10-23', 'YYYY-MM-DD HH24:MI:SS'), 1);
INSERT INTO TICKET (TICKET_NO, ID, TIME_CODE, PAY_COST, ORDER_DATE, TICKET_STATUS) VALUES (32, 'bgawv', '18', 12000, TO_DATE('2021-10-23', 'YYYY-MM-DD HH24:MI:SS'), 1);
INSERT INTO TICKET (TICKET_NO, ID, TIME_CODE, PAY_COST, ORDER_DATE, TICKET_STATUS) VALUES (33, 'nodownew', '19', 18000, TO_DATE('2021-10-23', 'YYYY-MM-DD HH24:MI:SS'), 1);
INSERT INTO TICKET (TICKET_NO, ID, TIME_CODE, PAY_COST, ORDER_DATE, TICKET_STATUS) VALUES (34, 'mochterlonyx', '20', 24000, TO_DATE('2021-10-24', 'YYYY-MM-DD HH24:MI:SS'), 1);
INSERT INTO TICKET (TICKET_NO, ID, TIME_CODE, PAY_COST, ORDER_DATE, TICKET_STATUS) VALUES (35, 'hdelisley', '21', 6000, TO_DATE('2021-10-24', 'YYYY-MM-DD HH24:MI:SS'), 1);
INSERT INTO TICKET (TICKET_NO, ID, TIME_CODE, PAY_COST, ORDER_DATE, TICKET_STATUS) VALUES (36, 'mbardwallz', '22', 12000, TO_DATE('2021-10-24', 'YYYY-MM-DD HH24:MI:SS'), 1);
INSERT INTO TICKET (TICKET_NO, ID, TIME_CODE, PAY_COST, ORDER_DATE, TICKET_STATUS) VALUES (37, 'bsynan10', '23', 18000, TO_DATE('2021-10-24', 'YYYY-MM-DD HH24:MI:SS'), 1);
INSERT INTO TICKET (TICKET_NO, ID, TIME_CODE, PAY_COST, ORDER_DATE, TICKET_STATUS) VALUES (38, 'avines11', '24', 24000, TO_DATE('2021-10-24', 'YYYY-MM-DD HH24:MI:SS'), 1);
INSERT INTO TICKET (TICKET_NO, ID, TIME_CODE, PAY_COST, ORDER_DATE, TICKET_STATUS) VALUES (39, 'badrian12', '25', 6000, TO_DATE('2021-10-19', 'YYYY-MM-DD HH24:MI:SS'), 1);
INSERT INTO TICKET (TICKET_NO, ID, TIME_CODE, PAY_COST, ORDER_DATE, TICKET_STATUS) VALUES (40, 'asongust13', '26', 12000, TO_DATE('2021-10-20', 'YYYY-MM-DD HH24:MI:SS'), 1);
INSERT INTO TICKET (TICKET_NO, ID, TIME_CODE, PAY_COST, ORDER_DATE, TICKET_STATUS) VALUES (41, 'brosenauer14', '27', 18000, TO_DATE('2021-10-22', 'YYYY-MM-DD HH24:MI:SS'), 1);
INSERT INTO TICKET (TICKET_NO, ID, TIME_CODE, PAY_COST, ORDER_DATE, TICKET_STATUS) VALUES (42, 'smacvicar15', '28', 24000, TO_DATE('2021-10-23', 'YYYY-MM-DD HH24:MI:SS'), 1);
INSERT INTO TICKET (TICKET_NO, ID, TIME_CODE, PAY_COST, ORDER_DATE, TICKET_STATUS) VALUES (43, 'rpauluzzi16', '29', 6000, TO_DATE('2021-10-24', 'YYYY-MM-DD HH24:MI:SS'), 1);
INSERT INTO TICKET (TICKET_NO, ID, TIME_CODE, PAY_COST, ORDER_DATE, TICKET_STATUS) VALUES (44, 'jpikhno17', '30', 12000, TO_DATE('2021-10-21', 'YYYY-MM-DD HH24:MI:SS'), 1);
INSERT INTO TICKET (TICKET_NO, ID, TIME_CODE, PAY_COST, ORDER_DATE, TICKET_STATUS) VALUES (45, 'ceverson18', '31', 18000, TO_DATE('2021-10-22', 'YYYY-MM-DD HH24:MI:SS'), 1);
INSERT INTO TICKET (TICKET_NO, ID, TIME_CODE, PAY_COST, ORDER_DATE, TICKET_STATUS) VALUES (46, 'srisdale19', '32', 24000, TO_DATE('2021-10-23', 'YYYY-MM-DD HH24:MI:SS'), 1);
INSERT INTO TICKET (TICKET_NO, ID, TIME_CODE, PAY_COST, ORDER_DATE, TICKET_STATUS) VALUES (47, 'tgauson1a', '33', 6000, TO_DATE('2021-10-19', 'YYYY-MM-DD HH24:MI:SS'), 1);
INSERT INTO TICKET (TICKET_NO, ID, TIME_CODE, PAY_COST, ORDER_DATE, TICKET_STATUS) VALUES (48, 'jmundle1b', '34', 12000, TO_DATE('2021-10-21', 'YYYY-MM-DD HH24:MI:SS'), 1);
INSERT INTO TICKET (TICKET_NO, ID, TIME_CODE, PAY_COST, ORDER_DATE, TICKET_STATUS) VALUES (49, 'askitral1c', '35', 18000, TO_DATE('2021-10-21', 'YYYY-MM-DD HH24:MI:SS'), 1);
INSERT INTO TICKET (TICKET_NO, ID, TIME_CODE, PAY_COST, ORDER_DATE, TICKET_STATUS) VALUES (50, 'pbreitling0', '36', 24000, TO_DATE('2021-10-22', 'YYYY-MM-DD HH24:MI:SS'), 1);
INSERT INTO TICKET (TICKET_NO, ID, TIME_CODE, PAY_COST, ORDER_DATE, TICKET_STATUS) VALUES (51, 'asurcombe1', '37', 6000, TO_DATE('2021-10-23', 'YYYY-MM-DD HH24:MI:SS'), 1);
INSERT INTO TICKET (TICKET_NO, ID, TIME_CODE, PAY_COST, ORDER_DATE, TICKET_STATUS) VALUES (52, 'vransley2', '38', 12000, TO_DATE('2021-10-20', 'YYYY-MM-DD HH24:MI:SS'), 1);
INSERT INTO TICKET (TICKET_NO, ID, TIME_CODE, PAY_COST, ORDER_DATE, TICKET_STATUS) VALUES (53, 'nmcgahern3', '39', 18000, TO_DATE('2021-10-20', 'YYYY-MM-DD HH24:MI:SS'), 1);
INSERT INTO TICKET (TICKET_NO, ID, TIME_CODE, PAY_COST, ORDER_DATE, TICKET_STATUS) VALUES (54, 'cluparto4', '40', 24000, TO_DATE('2021-10-20', 'YYYY-MM-DD HH24:MI:SS'), 1);
INSERT INTO TICKET (TICKET_NO, ID, TIME_CODE, PAY_COST, ORDER_DATE, TICKET_STATUS) VALUES (55, 'dbuxcy5', '41', 6000, TO_DATE('2021-10-21', 'YYYY-MM-DD HH24:MI:SS'), 1);
INSERT INTO TICKET (TICKET_NO, ID, TIME_CODE, PAY_COST, ORDER_DATE, TICKET_STATUS) VALUES (56, 'cjouanet6', '42', 12000, TO_DATE('2021-10-21', 'YYYY-MM-DD HH24:MI:SS'), 1);
INSERT INTO TICKET (TICKET_NO, ID, TIME_CODE, PAY_COST, ORDER_DATE, TICKET_STATUS) VALUES (57, 'jholtaway7', '43', 18000, TO_DATE('2021-10-21', 'YYYY-MM-DD HH24:MI:SS'), 1);
INSERT INTO TICKET (TICKET_NO, ID, TIME_CODE, PAY_COST, ORDER_DATE, TICKET_STATUS) VALUES (58, 'jpryer8', '44', 24000, TO_DATE('2021-10-22', 'YYYY-MM-DD HH24:MI:SS'), 1);
INSERT INTO TICKET (TICKET_NO, ID, TIME_CODE, PAY_COST, ORDER_DATE, TICKET_STATUS) VALUES (59, 'dleleu9', '45', 6000, TO_DATE('2021-10-22', 'YYYY-MM-DD HH24:MI:SS'), 1);
INSERT INTO TICKET (TICKET_NO, ID, TIME_CODE, PAY_COST, ORDER_DATE, TICKET_STATUS) VALUES (60, 'fattwoolla', '46', 12000, TO_DATE('2021-10-22', 'YYYY-MM-DD HH24:MI:SS'), 1);
INSERT INTO TICKET (TICKET_NO, ID, TIME_CODE, PAY_COST, ORDER_DATE, TICKET_STATUS) VALUES (61, 'kgummieb', '47', 18000, TO_DATE('2021-10-23', 'YYYY-MM-DD HH24:MI:SS'), 1);
INSERT INTO TICKET (TICKET_NO, ID, TIME_CODE, PAY_COST, ORDER_DATE, TICKET_STATUS) VALUES (62, 'lbraidleyc', '48', 24000, TO_DATE('2021-10-23', 'YYYY-MM-DD HH24:MI:SS'), 1);
INSERT INTO TICKET (TICKET_NO, ID, TIME_CODE, PAY_COST, ORDER_DATE, TICKET_STATUS) VALUES (63, 'gjolyd', '49', 6000, TO_DATE('2021-10-23', 'YYYY-MM-DD HH24:MI:SS'), 1);
INSERT INTO TICKET (TICKET_NO, ID, TIME_CODE, PAY_COST, ORDER_DATE, TICKET_STATUS) VALUES (64, 'kberntssene', '50', 12000, TO_DATE('2021-10-23', 'YYYY-MM-DD HH24:MI:SS'), 1);
INSERT INTO TICKET (TICKET_NO, ID, TIME_CODE, PAY_COST, ORDER_DATE, TICKET_STATUS) VALUES (65, 'ffoundf', '51', 18000, TO_DATE('2021-10-24', 'YYYY-MM-DD HH24:MI:SS'), 1);
INSERT INTO TICKET (TICKET_NO, ID, TIME_CODE, PAY_COST, ORDER_DATE, TICKET_STATUS) VALUES (66, 'ncapozzig', '52', 24000, TO_DATE('2021-10-24', 'YYYY-MM-DD HH24:MI:SS'), 1);
INSERT INTO TICKET (TICKET_NO, ID, TIME_CODE, PAY_COST, ORDER_DATE, TICKET_STATUS) VALUES (67, 'kadneyh', '53', 6000, TO_DATE('2021-10-24', 'YYYY-MM-DD HH24:MI:SS'), 1);
INSERT INTO TICKET (TICKET_NO, ID, TIME_CODE, PAY_COST, ORDER_DATE, TICKET_STATUS) VALUES (68, 'gbillanyi', '54', 12000, TO_DATE('2021-10-19', 'YYYY-MM-DD HH24:MI:SS'), 1);
INSERT INTO TICKET (TICKET_NO, ID, TIME_CODE, PAY_COST, ORDER_DATE, TICKET_STATUS) VALUES (69, 'ggomerj', '55', 18000, TO_DATE('2021-10-24', 'YYYY-MM-DD HH24:MI:SS'), 1);
INSERT INTO TICKET (TICKET_NO, ID, TIME_CODE, PAY_COST, ORDER_DATE, TICKET_STATUS) VALUES (70, 'llornsenk', '56', 24000, TO_DATE('2021-10-19', 'YYYY-MM-DD HH24:MI:SS'), 1);
INSERT INTO TICKET (TICKET_NO, ID, TIME_CODE, PAY_COST, ORDER_DATE, TICKET_STATUS) VALUES (71, 'tphilol', '57', 6000, TO_DATE('2021-10-24', 'YYYY-MM-DD HH24:MI:SS'), 1);

--BOOKED_SEAT
INSERT INTO BOOKED_SEAT (TICKET_NO, SEAT_CODE, SCREEN_NO) VALUES (1, 'A10', 1);
INSERT INTO BOOKED_SEAT (TICKET_NO, SEAT_CODE, SCREEN_NO) VALUES (1, 'A12', 1);
INSERT INTO BOOKED_SEAT (TICKET_NO, SEAT_CODE, SCREEN_NO) VALUES (2, 'D06', 3);
INSERT INTO BOOKED_SEAT (TICKET_NO, SEAT_CODE, SCREEN_NO) VALUES (3, 'D08', 1);
INSERT INTO BOOKED_SEAT (TICKET_NO, SEAT_CODE, SCREEN_NO) VALUES (3, 'D10', 1);
INSERT INTO BOOKED_SEAT (TICKET_NO, SEAT_CODE, SCREEN_NO) VALUES (3, 'D12', 1);
INSERT INTO BOOKED_SEAT (TICKET_NO, SEAT_CODE, SCREEN_NO) VALUES (4, 'F10', 2);
INSERT INTO BOOKED_SEAT (TICKET_NO, SEAT_CODE, SCREEN_NO) VALUES (4, 'F12', 2);
INSERT INTO BOOKED_SEAT (TICKET_NO, SEAT_CODE, SCREEN_NO) VALUES (5, 'E05', 3);
INSERT INTO BOOKED_SEAT (TICKET_NO, SEAT_CODE, SCREEN_NO) VALUES (6, 'F04', 1);
INSERT INTO BOOKED_SEAT (TICKET_NO, SEAT_CODE, SCREEN_NO) VALUES (6, 'F06', 1);
INSERT INTO BOOKED_SEAT (TICKET_NO, SEAT_CODE, SCREEN_NO) VALUES (7, 'C07', 1);
INSERT INTO BOOKED_SEAT (TICKET_NO, SEAT_CODE, SCREEN_NO) VALUES (8, 'F02', 3);
INSERT INTO BOOKED_SEAT (TICKET_NO, SEAT_CODE, SCREEN_NO) VALUES (8, 'F04', 3);
INSERT INTO BOOKED_SEAT (TICKET_NO, SEAT_CODE, SCREEN_NO) VALUES (8, 'F06', 3);
INSERT INTO BOOKED_SEAT (TICKET_NO, SEAT_CODE, SCREEN_NO) VALUES (9, 'A09', 1);
INSERT INTO BOOKED_SEAT (TICKET_NO, SEAT_CODE, SCREEN_NO) VALUES (9, 'A11', 1);
INSERT INTO BOOKED_SEAT (TICKET_NO, SEAT_CODE, SCREEN_NO) VALUES (10, 'B08', 2);
INSERT INTO BOOKED_SEAT (TICKET_NO, SEAT_CODE, SCREEN_NO) VALUES (10, 'B10', 2);
INSERT INTO BOOKED_SEAT (TICKET_NO, SEAT_CODE, SCREEN_NO) VALUES (11, 'G02', 1);
INSERT INTO BOOKED_SEAT (TICKET_NO, SEAT_CODE, SCREEN_NO) VALUES (12, 'G04', 1);
INSERT INTO BOOKED_SEAT (TICKET_NO, SEAT_CODE, SCREEN_NO) VALUES (12, 'G06', 1);
INSERT INTO BOOKED_SEAT (TICKET_NO, SEAT_CODE, SCREEN_NO) VALUES (13, 'G08', 1);
INSERT INTO BOOKED_SEAT (TICKET_NO, SEAT_CODE, SCREEN_NO) VALUES (14, 'G10', 2);
INSERT INTO BOOKED_SEAT (TICKET_NO, SEAT_CODE, SCREEN_NO) VALUES (14, 'G12', 2);
INSERT INTO BOOKED_SEAT (TICKET_NO, SEAT_CODE, SCREEN_NO) VALUES (15, 'D01', 2);
INSERT INTO BOOKED_SEAT (TICKET_NO, SEAT_CODE, SCREEN_NO) VALUES (15, 'D02', 2);
INSERT INTO BOOKED_SEAT (TICKET_NO, SEAT_CODE, SCREEN_NO) VALUES (16, 'B01', 2);
INSERT INTO BOOKED_SEAT (TICKET_NO, SEAT_CODE, SCREEN_NO) VALUES (17, 'B02', 2);
INSERT INTO BOOKED_SEAT (TICKET_NO, SEAT_CODE, SCREEN_NO) VALUES (17, 'B03', 2);
INSERT INTO BOOKED_SEAT (TICKET_NO, SEAT_CODE, SCREEN_NO) VALUES (17, 'B04', 2);
INSERT INTO BOOKED_SEAT (TICKET_NO, SEAT_CODE, SCREEN_NO) VALUES (18, 'H01', 3);
INSERT INTO BOOKED_SEAT (TICKET_NO, SEAT_CODE, SCREEN_NO) VALUES (18, 'H02', 3);
INSERT INTO BOOKED_SEAT (TICKET_NO, SEAT_CODE, SCREEN_NO) VALUES (18, 'H03', 3);
INSERT INTO BOOKED_SEAT (TICKET_NO, SEAT_CODE, SCREEN_NO) VALUES (18, 'H04', 3);
INSERT INTO BOOKED_SEAT (TICKET_NO, SEAT_CODE, SCREEN_NO) VALUES (19, 'D03', 1);
INSERT INTO BOOKED_SEAT (TICKET_NO, SEAT_CODE, SCREEN_NO) VALUES (20, 'D01', 3);
INSERT INTO BOOKED_SEAT (TICKET_NO, SEAT_CODE, SCREEN_NO) VALUES (20, 'D02', 3);
INSERT INTO BOOKED_SEAT (TICKET_NO, SEAT_CODE, SCREEN_NO) VALUES (21, 'C05', 3);
INSERT INTO BOOKED_SEAT (TICKET_NO, SEAT_CODE, SCREEN_NO) VALUES (21, 'C06', 3);
INSERT INTO BOOKED_SEAT (TICKET_NO, SEAT_CODE, SCREEN_NO) VALUES (21, 'C07', 3);
INSERT INTO BOOKED_SEAT (TICKET_NO, SEAT_CODE, SCREEN_NO) VALUES (22, 'C01', 3);
INSERT INTO BOOKED_SEAT (TICKET_NO, SEAT_CODE, SCREEN_NO) VALUES (22, 'C02', 3);
INSERT INTO BOOKED_SEAT (TICKET_NO, SEAT_CODE, SCREEN_NO) VALUES (22, 'C03', 3);
INSERT INTO BOOKED_SEAT (TICKET_NO, SEAT_CODE, SCREEN_NO) VALUES (22, 'C04', 3);
INSERT INTO BOOKED_SEAT (TICKET_NO, SEAT_CODE, SCREEN_NO) VALUES (23, 'C08', 3);
INSERT INTO BOOKED_SEAT (TICKET_NO, SEAT_CODE, SCREEN_NO) VALUES (24, 'F02', 2);
INSERT INTO BOOKED_SEAT (TICKET_NO, SEAT_CODE, SCREEN_NO) VALUES (24, 'F03', 2);
INSERT INTO BOOKED_SEAT (TICKET_NO, SEAT_CODE, SCREEN_NO) VALUES (25, 'A01', 3);
INSERT INTO BOOKED_SEAT (TICKET_NO, SEAT_CODE, SCREEN_NO) VALUES (25, 'A02', 3);
INSERT INTO BOOKED_SEAT (TICKET_NO, SEAT_CODE, SCREEN_NO) VALUES (25, 'A03', 3);
INSERT INTO BOOKED_SEAT (TICKET_NO, SEAT_CODE, SCREEN_NO) VALUES (26, 'G01', 1);
INSERT INTO BOOKED_SEAT (TICKET_NO, SEAT_CODE, SCREEN_NO) VALUES (26, 'G02', 1);
INSERT INTO BOOKED_SEAT (TICKET_NO, SEAT_CODE, SCREEN_NO) VALUES (26, 'G03', 1);
INSERT INTO BOOKED_SEAT (TICKET_NO, SEAT_CODE, SCREEN_NO) VALUES (26, 'G04', 1);
INSERT INTO BOOKED_SEAT (TICKET_NO, SEAT_CODE, SCREEN_NO) VALUES (27, 'F01', 2);
INSERT INTO BOOKED_SEAT (TICKET_NO, SEAT_CODE, SCREEN_NO) VALUES (28, 'F02', 3);
INSERT INTO BOOKED_SEAT (TICKET_NO, SEAT_CODE, SCREEN_NO) VALUES (28, 'F03', 3);
INSERT INTO BOOKED_SEAT (TICKET_NO, SEAT_CODE, SCREEN_NO) VALUES (29, 'B01', 1);
INSERT INTO BOOKED_SEAT (TICKET_NO, SEAT_CODE, SCREEN_NO) VALUES (29, 'B02', 1);
INSERT INTO BOOKED_SEAT (TICKET_NO, SEAT_CODE, SCREEN_NO) VALUES (29, 'B03', 1);
INSERT INTO BOOKED_SEAT (TICKET_NO, SEAT_CODE, SCREEN_NO) VALUES (30, 'E01', 1);
INSERT INTO BOOKED_SEAT (TICKET_NO, SEAT_CODE, SCREEN_NO) VALUES (30, 'E02', 1);
INSERT INTO BOOKED_SEAT (TICKET_NO, SEAT_CODE, SCREEN_NO) VALUES (30, 'E03', 1);
INSERT INTO BOOKED_SEAT (TICKET_NO, SEAT_CODE, SCREEN_NO) VALUES (30, 'E04', 1);
INSERT INTO BOOKED_SEAT (TICKET_NO, SEAT_CODE, SCREEN_NO) VALUES (31, 'E05', 2);
INSERT INTO BOOKED_SEAT (TICKET_NO, SEAT_CODE, SCREEN_NO) VALUES (31, 'E06', 2);
INSERT INTO BOOKED_SEAT (TICKET_NO, SEAT_CODE, SCREEN_NO) VALUES (32, 'E01', 3);
INSERT INTO BOOKED_SEAT (TICKET_NO, SEAT_CODE, SCREEN_NO) VALUES (32, 'E02', 3);
INSERT INTO BOOKED_SEAT (TICKET_NO, SEAT_CODE, SCREEN_NO) VALUES (33, 'B01', 2);
INSERT INTO BOOKED_SEAT (TICKET_NO, SEAT_CODE, SCREEN_NO) VALUES (33, 'B02', 2);
INSERT INTO BOOKED_SEAT (TICKET_NO, SEAT_CODE, SCREEN_NO) VALUES (33, 'B03', 2);
INSERT INTO BOOKED_SEAT (TICKET_NO, SEAT_CODE, SCREEN_NO) VALUES (34, 'C01', 2);
INSERT INTO BOOKED_SEAT (TICKET_NO, SEAT_CODE, SCREEN_NO) VALUES (34, 'C02', 2);
INSERT INTO BOOKED_SEAT (TICKET_NO, SEAT_CODE, SCREEN_NO) VALUES (34, 'C03', 2);
INSERT INTO BOOKED_SEAT (TICKET_NO, SEAT_CODE, SCREEN_NO) VALUES (34, 'C04', 2);
INSERT INTO BOOKED_SEAT (TICKET_NO, SEAT_CODE, SCREEN_NO) VALUES (35, 'E03', 2);
INSERT INTO BOOKED_SEAT (TICKET_NO, SEAT_CODE, SCREEN_NO) VALUES (36, 'D04', 2);
INSERT INTO BOOKED_SEAT (TICKET_NO, SEAT_CODE, SCREEN_NO) VALUES (36, 'D06', 2);
INSERT INTO BOOKED_SEAT (TICKET_NO, SEAT_CODE, SCREEN_NO) VALUES (37, 'C07', 2);
INSERT INTO BOOKED_SEAT (TICKET_NO, SEAT_CODE, SCREEN_NO) VALUES (37, 'C09', 2);
INSERT INTO BOOKED_SEAT (TICKET_NO, SEAT_CODE, SCREEN_NO) VALUES (37, 'D08', 2);
INSERT INTO BOOKED_SEAT (TICKET_NO, SEAT_CODE, SCREEN_NO) VALUES (38, 'E07', 3);
INSERT INTO BOOKED_SEAT (TICKET_NO, SEAT_CODE, SCREEN_NO) VALUES (38, 'E09', 3);
INSERT INTO BOOKED_SEAT (TICKET_NO, SEAT_CODE, SCREEN_NO) VALUES (38, 'F08', 3);
INSERT INTO BOOKED_SEAT (TICKET_NO, SEAT_CODE, SCREEN_NO) VALUES (38, 'F10', 3);
INSERT INTO BOOKED_SEAT (TICKET_NO, SEAT_CODE, SCREEN_NO) VALUES (39, 'D04', 1);
INSERT INTO BOOKED_SEAT (TICKET_NO, SEAT_CODE, SCREEN_NO) VALUES (40, 'E05', 2);
INSERT INTO BOOKED_SEAT (TICKET_NO, SEAT_CODE, SCREEN_NO) VALUES (40, 'F06', 2);
INSERT INTO BOOKED_SEAT (TICKET_NO, SEAT_CODE, SCREEN_NO) VALUES (41, 'C07', 1);
INSERT INTO BOOKED_SEAT (TICKET_NO, SEAT_CODE, SCREEN_NO) VALUES (41, 'C09', 1);
INSERT INTO BOOKED_SEAT (TICKET_NO, SEAT_CODE, SCREEN_NO) VALUES (41, 'D08', 1);
INSERT INTO BOOKED_SEAT (TICKET_NO, SEAT_CODE, SCREEN_NO) VALUES (42, 'A01', 2);
INSERT INTO BOOKED_SEAT (TICKET_NO, SEAT_CODE, SCREEN_NO) VALUES (42, 'A02', 2);
INSERT INTO BOOKED_SEAT (TICKET_NO, SEAT_CODE, SCREEN_NO) VALUES (42, 'C07', 2);
INSERT INTO BOOKED_SEAT (TICKET_NO, SEAT_CODE, SCREEN_NO) VALUES (42, 'C09', 2);
INSERT INTO BOOKED_SEAT (TICKET_NO, SEAT_CODE, SCREEN_NO) VALUES (43, 'E07', 3);
INSERT INTO BOOKED_SEAT (TICKET_NO, SEAT_CODE, SCREEN_NO) VALUES (44, 'E09', 1);
INSERT INTO BOOKED_SEAT (TICKET_NO, SEAT_CODE, SCREEN_NO) VALUES (44, 'E11', 1);
INSERT INTO BOOKED_SEAT (TICKET_NO, SEAT_CODE, SCREEN_NO) VALUES (45, 'E05', 1);
INSERT INTO BOOKED_SEAT (TICKET_NO, SEAT_CODE, SCREEN_NO) VALUES (45, 'F04', 1);
INSERT INTO BOOKED_SEAT (TICKET_NO, SEAT_CODE, SCREEN_NO) VALUES (45, 'F06', 1);
INSERT INTO BOOKED_SEAT (TICKET_NO, SEAT_CODE, SCREEN_NO) VALUES (46, 'D02', 1);
INSERT INTO BOOKED_SEAT (TICKET_NO, SEAT_CODE, SCREEN_NO) VALUES (46, 'D04', 1);
INSERT INTO BOOKED_SEAT (TICKET_NO, SEAT_CODE, SCREEN_NO) VALUES (46, 'E03', 1);
INSERT INTO BOOKED_SEAT (TICKET_NO, SEAT_CODE, SCREEN_NO) VALUES (46, 'E05', 1);
INSERT INTO BOOKED_SEAT (TICKET_NO, SEAT_CODE, SCREEN_NO) VALUES (47, 'F08', 3);
INSERT INTO BOOKED_SEAT (TICKET_NO, SEAT_CODE, SCREEN_NO) VALUES (48, 'E01', 1);
INSERT INTO BOOKED_SEAT (TICKET_NO, SEAT_CODE, SCREEN_NO) VALUES (48, 'E03', 1);
INSERT INTO BOOKED_SEAT (TICKET_NO, SEAT_CODE, SCREEN_NO) VALUES (49, 'E07', 3);
INSERT INTO BOOKED_SEAT (TICKET_NO, SEAT_CODE, SCREEN_NO) VALUES (49, 'E09', 3);
INSERT INTO BOOKED_SEAT (TICKET_NO, SEAT_CODE, SCREEN_NO) VALUES (49, 'E11', 3);
INSERT INTO BOOKED_SEAT (TICKET_NO, SEAT_CODE, SCREEN_NO) VALUES (50, 'C09', 3);
INSERT INTO BOOKED_SEAT (TICKET_NO, SEAT_CODE, SCREEN_NO) VALUES (50, 'C11', 3);
INSERT INTO BOOKED_SEAT (TICKET_NO, SEAT_CODE, SCREEN_NO) VALUES (50, 'D10', 3);
INSERT INTO BOOKED_SEAT (TICKET_NO, SEAT_CODE, SCREEN_NO) VALUES (51, 'A07', 1);
INSERT INTO BOOKED_SEAT (TICKET_NO, SEAT_CODE, SCREEN_NO) VALUES (52, 'F04', 1);
INSERT INTO BOOKED_SEAT (TICKET_NO, SEAT_CODE, SCREEN_NO) VALUES (52, 'F06', 1);
INSERT INTO BOOKED_SEAT (TICKET_NO, SEAT_CODE, SCREEN_NO) VALUES (53, 'D02', 1);
INSERT INTO BOOKED_SEAT (TICKET_NO, SEAT_CODE, SCREEN_NO) VALUES (53, 'D04', 1);
INSERT INTO BOOKED_SEAT (TICKET_NO, SEAT_CODE, SCREEN_NO) VALUES (53, 'D06', 1);
INSERT INTO BOOKED_SEAT (TICKET_NO, SEAT_CODE, SCREEN_NO) VALUES (54, 'A07', 3);
INSERT INTO BOOKED_SEAT (TICKET_NO, SEAT_CODE, SCREEN_NO) VALUES (54, 'C07', 3);
INSERT INTO BOOKED_SEAT (TICKET_NO, SEAT_CODE, SCREEN_NO) VALUES (54, 'D06', 3);
INSERT INTO BOOKED_SEAT (TICKET_NO, SEAT_CODE, SCREEN_NO) VALUES (54, 'E07', 3);
INSERT INTO BOOKED_SEAT (TICKET_NO, SEAT_CODE, SCREEN_NO) VALUES (55, 'C03', 2);
INSERT INTO BOOKED_SEAT (TICKET_NO, SEAT_CODE, SCREEN_NO) VALUES (56, 'C03', 2);
INSERT INTO BOOKED_SEAT (TICKET_NO, SEAT_CODE, SCREEN_NO) VALUES (56, 'C05', 2);
INSERT INTO BOOKED_SEAT (TICKET_NO, SEAT_CODE, SCREEN_NO) VALUES (57, 'D02', 3);
INSERT INTO BOOKED_SEAT (TICKET_NO, SEAT_CODE, SCREEN_NO) VALUES (57, 'D04', 3);
INSERT INTO BOOKED_SEAT (TICKET_NO, SEAT_CODE, SCREEN_NO) VALUES (57, 'D06', 3);
INSERT INTO BOOKED_SEAT (TICKET_NO, SEAT_CODE, SCREEN_NO) VALUES (58, 'E03', 2);
INSERT INTO BOOKED_SEAT (TICKET_NO, SEAT_CODE, SCREEN_NO) VALUES (58, 'E05', 2);
INSERT INTO BOOKED_SEAT (TICKET_NO, SEAT_CODE, SCREEN_NO) VALUES (58, 'F04', 2);
INSERT INTO BOOKED_SEAT (TICKET_NO, SEAT_CODE, SCREEN_NO) VALUES (58, 'F06', 2);
INSERT INTO BOOKED_SEAT (TICKET_NO, SEAT_CODE, SCREEN_NO) VALUES (59, 'F12', 2);
INSERT INTO BOOKED_SEAT (TICKET_NO, SEAT_CODE, SCREEN_NO) VALUES (60, 'B02', 3);
INSERT INTO BOOKED_SEAT (TICKET_NO, SEAT_CODE, SCREEN_NO) VALUES (60, 'B03', 3);
INSERT INTO BOOKED_SEAT (TICKET_NO, SEAT_CODE, SCREEN_NO) VALUES (61, 'E07', 1);
INSERT INTO BOOKED_SEAT (TICKET_NO, SEAT_CODE, SCREEN_NO) VALUES (61, 'E09', 1);
INSERT INTO BOOKED_SEAT (TICKET_NO, SEAT_CODE, SCREEN_NO) VALUES (61, 'E11', 1);
INSERT INTO BOOKED_SEAT (TICKET_NO, SEAT_CODE, SCREEN_NO) VALUES (62, 'E09', 2);
INSERT INTO BOOKED_SEAT (TICKET_NO, SEAT_CODE, SCREEN_NO) VALUES (62, 'E11', 2);
INSERT INTO BOOKED_SEAT (TICKET_NO, SEAT_CODE, SCREEN_NO) VALUES (62, 'F08', 2);
INSERT INTO BOOKED_SEAT (TICKET_NO, SEAT_CODE, SCREEN_NO) VALUES (62, 'F10', 2);
INSERT INTO BOOKED_SEAT (TICKET_NO, SEAT_CODE, SCREEN_NO) VALUES (63, 'C12', 3);
INSERT INTO BOOKED_SEAT (TICKET_NO, SEAT_CODE, SCREEN_NO) VALUES (64, 'E03', 3);
INSERT INTO BOOKED_SEAT (TICKET_NO, SEAT_CODE, SCREEN_NO) VALUES (64, 'E05', 3);
INSERT INTO BOOKED_SEAT (TICKET_NO, SEAT_CODE, SCREEN_NO) VALUES (65, 'F02', 1);
INSERT INTO BOOKED_SEAT (TICKET_NO, SEAT_CODE, SCREEN_NO) VALUES (65, 'F04', 1);
INSERT INTO BOOKED_SEAT (TICKET_NO, SEAT_CODE, SCREEN_NO) VALUES (65, 'F06', 1);
INSERT INTO BOOKED_SEAT (TICKET_NO, SEAT_CODE, SCREEN_NO) VALUES (66, 'C07', 1);
INSERT INTO BOOKED_SEAT (TICKET_NO, SEAT_CODE, SCREEN_NO) VALUES (66, 'C09', 1);
INSERT INTO BOOKED_SEAT (TICKET_NO, SEAT_CODE, SCREEN_NO) VALUES (66, 'D08', 1);
INSERT INTO BOOKED_SEAT (TICKET_NO, SEAT_CODE, SCREEN_NO) VALUES (66, 'D10', 1);
INSERT INTO BOOKED_SEAT (TICKET_NO, SEAT_CODE, SCREEN_NO) VALUES (67, 'E07', 3);
INSERT INTO BOOKED_SEAT (TICKET_NO, SEAT_CODE, SCREEN_NO) VALUES (68, 'A07', 1);
INSERT INTO BOOKED_SEAT (TICKET_NO, SEAT_CODE, SCREEN_NO) VALUES (68, 'A09', 1);
INSERT INTO BOOKED_SEAT (TICKET_NO, SEAT_CODE, SCREEN_NO) VALUES (69, 'E03', 2);
INSERT INTO BOOKED_SEAT (TICKET_NO, SEAT_CODE, SCREEN_NO) VALUES (69, 'F02', 2);
INSERT INTO BOOKED_SEAT (TICKET_NO, SEAT_CODE, SCREEN_NO) VALUES (69, 'F04', 2);
INSERT INTO BOOKED_SEAT (TICKET_NO, SEAT_CODE, SCREEN_NO) VALUES (70, 'B02', 1);
INSERT INTO BOOKED_SEAT (TICKET_NO, SEAT_CODE, SCREEN_NO) VALUES (70, 'B04', 1);
INSERT INTO BOOKED_SEAT (TICKET_NO, SEAT_CODE, SCREEN_NO) VALUES (70, 'C03', 1);
INSERT INTO BOOKED_SEAT (TICKET_NO, SEAT_CODE, SCREEN_NO) VALUES (70, 'C05', 1);
INSERT INTO BOOKED_SEAT (TICKET_NO, SEAT_CODE, SCREEN_NO) VALUES (71, 'A05', 1);